smiles,theavy-atom,chiral-center,Rings,Aromatic-Rings,Rotatable-Bonds,Fsp3
CN(C)CCn1ncc2cc3cc(C#N)c(=N)oc3nc21,21,0,3,3,3,0.2857142857142857
N=c1c2c(=O)c3cc(F)ccc3n(CCN3CCOCC3)c2ncn1Cc1ccccc1F,33,0,5,4,5,0.2916666666666667
N=c1oc2cc3ncsc3cc2c(=N)n1CCN1CCN(c2ccccc2)CC1,29,0,5,4,4,0.2857142857142857
Cc1nc2c3cc4ncccc4cc3nc(N3CCC4CCCCN4CC3)n2n1,29,1,6,4,1,0.45454545454545453
CCn1c2ccc(S(C)(=O)=O)cc2c(=N)c2c(N3CCNCC3)ncnc21,27,0,4,3,3,0.3888888888888889
N=c1c2cc3cnccc3nc2n(C2CC2)c2ncnc(N3CCNCC3)c12,28,0,6,4,2,0.35
CN(C)CCn1cnc2cc3c(=N)oc(=N)cc-3oc2c1=N,22,0,3,1,3,0.2857142857142857
CN(C)CCn1c(N2CCN(C)CC2)nc2nc3c(cc2c1=N)c(=N)n(C)c(=O)n3C,31,0,4,3,4,0.55
Cn1c(=N)c(C(=O)c2ccc(F)cc2)cc2c(=N)n(CCN3CCCCC3)cnc21,30,0,4,3,5,0.36363636363636365
N=c1c2cc(C(N)=O)ccc2oc2c(N3CCNCC3)ncnc12,24,0,4,3,2,0.25
N=c1cc(C=CC(=O)O)oc2cc(OCC3CC4CCN3C4)ncc12,25,2,4,2,5,0.3888888888888889
CCN(CC)CCn1cnc2cc3nc(C)n(CCN(C)C)c(=N)c3cc2c1=N,29,0,3,3,8,0.5238095238095238
CN(C)CCCn1c(=N)c2cc3ccc(C(=O)O)cc3nc2n(CCCN(C)C)c1=N,31,0,3,3,9,0.45454545454545453
CCOC(=O)c1cc2cc3ncnc(N4CCNCC4)c3cc2oc1=N,26,0,4,3,3,0.3333333333333333
CN(C)CCn1c(=N)c2cc(C(=O)Nc3cccc(Cl)c3)ccc2n(CCN(C)C)c1=O,32,0,3,3,8,0.34782608695652173
N=c1c2cc3cccnc3cc2n(CCN2CCCCC2)c2ncnc(N3CCNCC3)c12,33,0,6,4,4,0.44
N=c1c2cc3oc4ccccc4c(=O)c3cc2ncn1CCN1CCCCC1,28,0,5,4,3,0.3181818181818182
N=c1oc2c(cc1C(N)=O)c(=N)[nH]c1cc(N3CCNCC3)ncc12,25,0,4,3,2,0.25
N=c1c(Cn2cccc2)c(-c2ccncc2)oc2c(N3CCNCC3)ncnc12,29,0,5,4,4,0.23809523809523808
COC(=O)c1ccc2nc3c(cc(-c4ccccc4)c(=N)n3CCCN(C)C)c(=N)n2c1,32,0,4,4,6,0.25
Cc1ccc(C(=O)NC2CC2)cc1Nc1ncc2cc3c(cc2n1)c(=N)[nH]c(=N)n3CCN(C)C,35,0,5,4,7,0.32
Cn1c2ccc(S(C)(=O)=O)cc2c(=N)c2c(NCCN)ncnc21,24,0,3,3,4,0.26666666666666666
CCN(CC)CCn1c(=N)c2cc(C(=O)NCc3ccccc3)c(-c3ccccc3)nc2n(CCN(CC)CC)c1=N,42,0,4,4,14,0.3939393939393939
CCn1c(=N)c(C(=O)O)cc2c(=N)n3c(nc21)C(CN1CCCC1)OCC3,27,1,4,2,4,0.5555555555555556
COC(=O)c1ccc2nc3c(cc2c1)c(=N)n(Cc1ccccc1)c(=N)n3CCN(C)C,32,0,4,4,6,0.25
Cc1nc2nc3c(cc2c(=N)n1CCN(C)C)c(=N)n(CCN(C)C)c(=N)n3CCN(C)C,33,0,3,3,9,0.5909090909090909
Cn1ccc(=N)c2c(=N)n(CCN3CCCCC3)c3nc4ccccc4nc3c21,29,0,5,4,3,0.36363636363636365
N=c1c(C(N)=O)cc2c(=N)n(C3CC3)c3nc4ccccn4c(=O)c3c2n1CCN1CCCC1,34,0,6,4,5,0.375
Cc1cc(=O)oc2cc3c(NCCN4CCCCC4)ncnc3cc12,25,0,4,3,4,0.42105263157894735
CN1CCN(c2nc3nc4cc5cccnc5cc4cc3c(=N)[nH]2)CC1,26,0,5,4,1,0.2631578947368421
COC(=O)c1ccc2c(c1)c(=N)c1c(=N)n3ccccc3nc1n2CCCN(C)C,30,0,4,4,5,0.2727272727272727
N=c1c2c(-c3ccncc3)nn(CCN3CCCC3)c2nc2ccc(C(=O)NCc3ccccc3)cn12,37,0,6,5,7,0.25
CCOC(=O)c1cc2c(=N)[nH]c(N3CCNCC3)nc2n(CC)c1=N,25,0,3,2,4,0.5
CN(C)CCn1cnc2cc3oc4oc(=O)ccc4c(=N)c3cc2c1=N,26,0,4,4,3,0.2222222222222222
N=c1c2cc3ccccc3cc2oc2ncnc(NCCN)c12,23,0,4,4,3,0.11764705882352941
CCOC(=O)C=Cc1c(C)nc2c(C#N)cnn2c1N1CCN(C)CC1,26,0,3,2,4,0.4444444444444444
Cc1cc(=O)oc2cc3oc(=N)c(CCN)cc3cc12,20,0,3,3,2,0.2
CC(=O)c1ccc2c(c1)c(=N)c1c(N3CCNCC3)ncnc1n2C,25,0,4,3,2,0.3333333333333333
CCOC(=O)c1cc2c(=N)n3c(C)nn(CCN(C)C)c3nc2n(Cc2ccc(F)cc2)c1=N,34,0,4,4,7,0.34782608695652173
CS(=O)(=O)c1ccc2[nH]c(=N)cc(-c3cnc4cnc(N5CCNCC5)cc4c3)c2c1,31,0,5,4,3,0.22727272727272727
COC(=O)c1ccc2[nH]c(=N)c3cc(-c4cccnc4CN)c(=N)oc3c2c1,28,0,4,4,3,0.1
CCOC(=O)c1cc2c(=O)c3c(=O)c4ccccc4oc3n(CCCN(C)C)c2n(CC)c1=N,34,0,4,4,7,0.36
Cc1ccc(C)c(NC(=O)c2cc3c(N4CCN(C)CC4)ncnc3n(C)c2=N)c1,30,0,4,3,3,0.36363636363636365
CCOC(=O)c1cc2c(=N)n3c(=O)c4cc(OC)c(OC)cc4nc3n(CCN(CC)CC)c2n(CC)c1=N,39,0,4,4,10,0.4444444444444444
CN(C)CCCn1c2ccc(F)cc2c(=N)c2cc3c(=N)n(C)c(=S)n(C)c3nc21,30,0,4,4,4,0.3333333333333333
N=c1c2cc(-c3cccnc3)ccc2n2c(N3CCNCC3)nnc2n1CCN1CCCC1,33,0,6,4,5,0.4166666666666667
Cn1c(N2CCNCC2)nc2c(c(=O)c3cc(C(=O)O)ccc3n2C)c1=N,27,0,4,3,2,0.3333333333333333
N=c1c2ccc(C(N)=O)cc2oc2ncnc(NCCN)c12,22,0,3,3,4,0.14285714285714285
CN(C)CCn1c2ccc(C(=O)O)cc2c(=N)c2c(=N)n(-c3ccccc3)c(N3CCN(C)CC3)nc21,37,0,5,4,6,0.3333333333333333
CN(C)CCCn1c(=N)c2ccc(S(C)(=O)=O)cc2n(-c2ccccc2)c1=N,28,0,3,3,6,0.3
CCOC(=O)c1cc2c3c(=N)n4ccccc4nc3n(CCN(C)C)c(=N)c2n(C)c1=N,32,0,4,4,5,0.3181818181818182
CCOC(=O)c1ccn2c(=N)c3c(=N)[nH]c(N4CCN(CC(F)(F)F)CC4)nc3nc2c1,32,0,4,3,4,0.42105263157894735
CCOC(=O)c1cc2c3ncnc(NCCN4CCOCC4)c3c(=N)n(C)c2n(C)c1=N,32,0,4,3,6,0.47619047619047616
CCOC(=O)c1cc2c(oc1=N)c(=N)oc1nc(N3CCNCC3)ccc12,27,0,4,3,3,0.3333333333333333
Cc1nccc2c1cc1c(=N)c3cnn(CCN4CCCCC4)c3nc-1n2C,28,0,5,2,3,0.42857142857142855
Cn1c(=N)n(CCN2CCOCC2)c(=N)c2cc3cc4ccccc4nc3nc21,29,0,5,4,3,0.3333333333333333
CN1CCN(c2nc3cc4c(cc(C(=O)O)c(=O)n4C4CC4)cc3c(=N)[nH]2)CC1,29,0,5,3,3,0.4
CCOC(=O)c1ccc2nc3c(cnc(=N)n3CCCN(C)C)c(=N)n2c1,27,0,3,3,6,0.3888888888888889
Cc1ccc(Cn2c(=N)c3cc4cccnc4nc3n(CCN)c2=N)cc1,27,0,4,4,4,0.2
N=c1oc2ncnc(N3CCNCC3)c2cc1-c1ccc2ncccc2c1,27,0,5,4,2,0.2
CN(C)CCCn1c2ccc(C(=O)Nc3ccccc3)cc2c(=N)c2cc3ccccc3nc21,34,0,5,5,6,0.17857142857142858
CN1CCN(c2nc3cc4ncn(CCN5CCOCC5)c(=N)c4cc3c(=N)[nH]2)CC1,31,0,5,3,4,0.5238095238095238
CC(=O)c1ccc2c(c1)c(=N)n(CCN)c1nc3cnccc3c(=N)n21,26,0,4,4,3,0.16666666666666666
N=c1c2ccc(C(=O)O)cc2oc2ncnc(N3CCNCC3)c12,24,0,4,3,2,0.25
CN(C)CCCn1c(=N)n(CCCN2CCN(c3ccc(C(F)(F)F)cc3)CC2)c(=N)c2nc3ccccc3nc21,41,0,5,4,9,0.4482758620689655
CCOC(=O)c1ccc2nc3c(cnn3CCN3CCCCC3)c(=O)n2c1,27,0,4,3,5,0.47368421052631576
COC(=O)c1cc2c(=N)c3cc(-c4ccccn4)ccc3n(C)c2n(CCN(C)C)c1=N,32,0,4,4,5,0.25
COC(=O)c1ccc2c(c1)c(=O)c1c(=N)n(CCN(C)C)cnc1n2C1CC1,28,0,4,3,5,0.4
COC(=O)c1ccc2c(c1)c(=N)c1c(=N)n3c(nc1n2CCCN(C)C)CCC3,29,0,4,3,5,0.42857142857142855
N=c1[nH]cnc2cc3ncn(CCCN4CCC(F)(F)CC4)c(=N)c3cc12,27,0,4,3,4,0.4444444444444444
Cn1c(=O)c2c3nc4c(cc(=O)n3c1=O)c(=N)n(c(=N)n4CCCN1CCOCC1)CC(c1ccccc1)=CC=NC=C2,43,0,7,4,5,0.3
CN(C)CCCNC(=O)c1ccc2c(c1)c(=N)c1c(N3CCCC3)ncnc1n2C1CC1,32,0,5,3,7,0.5
Cn1c(=N)c2cc(C(=O)O)c(=N)n(C)c2c2c(N3CCNCC3)nc(N3CCOCC3)nc21,33,0,5,3,3,0.47619047619047616
CCOC(=O)c1cc2c(N3CCNCC3)nc(N3CCNCC3)nc2n(CC)c1=N,30,0,4,2,5,0.6
CN(C)CCNc1ncnc2oc3ccc(C(=O)O)cc3c(=N)c12,24,0,3,3,5,0.25
N=c1c2cc3oc(=O)[nH]c3cc2nc2n1CCNCC2,20,0,4,3,0,0.3076923076923077
N=c1c2cc3ccccc3nc2n(CCN2CCOCC2)c(=N)n1CCN1CCOCC1,32,0,5,3,6,0.5217391304347826
Cn1c(=N)c2cc3c(=N)[nH]c(=O)n(CCN4CCCC4)c3nc2n(CCN2CCCCC2)c1=N,34,0,5,3,6,0.6086956521739131
CN1CCN(c2ncnc3c2c(=O)c2cc(C(=O)NCc4ccc(F)cc4)c(=N)n(C)c2n3C2CC2)CC1,38,0,6,4,5,0.37037037037037035
N=c1c2cc(C(N)=O)ccc2n(CCN2CCCC2)c2cc(C(F)(F)F)ncc12,29,0,4,3,4,0.35
Cc1cc(=O)oc2cc3oc(=N)c(C#N)c(NCCN)c3cc12,23,0,3,3,3,0.1875
CS(=O)(=O)c1ccc2[nH]c(=N)c3ccc(NCCN4CCCC4)nc3c2c1,27,0,4,3,5,0.3684210526315789
CN(C)CCCn1c2ccc(S(=O)(=O)N3CCCCC3)cc2c(=O)c2c(=N)n3ccccc3nc21,35,0,5,4,6,0.4
CCOC(=O)c1cc2c(=N)n(CCN3CCOCC3)c3nc(C)ccc3c2n(CC)c1=N,32,0,4,3,6,0.4782608695652174
CS(=O)(=O)c1ccc2c(=N)c3c(N4CCNCC4)nc4ccccc4c3oc2c1,29,0,5,4,2,0.23809523809523808
N=c1c2cnc(C(=O)NCCN3CCOCC3)cc2n(CCN2CCOCC2)c(=N)n1-c1ccccc1,37,0,5,3,8,0.46153846153846156
N=c1c(C(=O)c2ccc(F)nc2)cc2c(=N)n3ccccc3nc2n1CCN1CCCCC1,33,0,5,4,5,0.2916666666666667
N=c1c2cc3c(cc2n(CCN2CCCC2)c2ncn(CCN4CCCC4)c(=N)c12)CCCC3,34,0,6,3,6,0.5925925925925926
CN(C)CCNc1ncnc2cc3oc(-c4cccnc4)cc(=N)c3cc12,27,0,4,4,5,0.2
CCn1c(=N)n(CCN2CCOCC2)c(=N)c2cc3cc(F)ccc3nc21,27,0,4,3,4,0.42105263157894735
N=c1c2c3ccsc3c(=N)n(CCCN)c2ncn1-c1ccccc1,25,0,4,4,4,0.16666666666666666
CN(C)CCn1c(=N)n2ccnc2c2cc3c(=O)n(C)c(=O)n(C)c3cc21,27,0,4,4,3,0.3333333333333333
CCOC(=O)c1cnn2c(=N)c3cc4cc(C(=O)OC)ccc4n(CCN4CCCCC4)c3nc12,35,0,5,4,6,0.4
CN(C)CCCNC(=O)c1cc2cnc(N3CCN(C)CC3)nc2n(C2CC2)c1=N,30,0,4,2,7,0.6190476190476191
CN(C)CCNc1ccc2cc3[nH]c(=N)[nH]c(=N)c3cc2n1,22,0,3,3,4,0.26666666666666666
Cc1cc(=O)oc2cc3c(=N)[nH]c(N4CCN(C)CC4)nc3cc12,24,0,4,3,1,0.35294117647058826
Cn1c(N2CCN(c3ccccn3)CC2)nc2ccc(S(C)(=O)=O)cc2c1=N,28,0,4,3,3,0.3157894736842105
Cn1c(=N)c2cc(C(N)=O)c(=N)n(C)c2c2c(N3CCNCC3)ncnc21,27,0,4,3,2,0.35294117647058826
CCN(CC)CCCn1c2ccc(C(=O)OC)cc2c(=N)c2cc3c(cc21)n(C)c(=N)n3CCN(CC)CC,39,0,4,4,12,0.5
CCN(CC)CCNc1nc(C)nc2c1c(=N)n(C)c1c2ccc(=O)n1C,27,0,3,3,6,0.47368421052631576
CCn1c(=N)n(CCN(C)C)c(=N)c2cc3c(cc21)c(=N)n(CCN(C)C)c(=N)n3CCN(C)C,35,0,3,3,10,0.5833333333333334
N=c1c2c(=N)n3cc(C(N)=O)ccc3nc2ncn1CCN1CCCC1,26,0,4,3,4,0.35294117647058826
N=c1[nH]c(N2CCNCC2)nc2oc3cc(F)ccc3c(=O)c12,23,0,4,3,1,0.26666666666666666
Cn1c(=N)c2cc3c(=N)n(-c4ccccc4)c(SCCN)nc3nc2n(C)c1=O,29,0,4,4,4,0.21052631578947367
COC(=O)c1ccc2c(c1)c(=N)c1cccnc1n2CCN(C)C,24,0,3,3,4,0.2777777777777778
Cn1c(=N)c2c(=N)c3cc(S(C)(=O)=O)ccc3oc2n(CCCN2CCOCC2)c1=N,31,0,4,3,5,0.45
CN(CCN1CCCCC1)c1nc2nc3c(cc2c(=N)n1C)c(=N)n(C)c(=O)n3C,30,0,4,3,4,0.55
COC(=O)c1ccc2c(c1)c(=N)c1cccnc1n2CCCN(C)C,25,0,3,3,5,0.3157894736842105
N=c1ccc2c3nc(N4CCNCC4)ncc3c(=N)n(CC(F)(F)F)c2n1CCN,30,0,4,3,4,0.4444444444444444
CCOC(=O)c1cc2c(=N)n3cc(C(=O)OC)ccc3nc2n(CCCN(C)C)c1=N,31,0,3,3,7,0.38095238095238093
N=c1c2cc3ccc(C(=O)O)cc3nc2n(CCN2CCOCC2)c(=O)n1Cc1ccc2ccccc2n1,38,0,6,5,6,0.25
CCn1c2ccc(C(C)=O)cc2c(=O)c2c(=N)n(CCN3CCOCC3)cnc21,29,0,4,3,5,0.42857142857142855
COC(=O)c1ccc2c(c1)c(=O)c1c(=N)n3c(nc1n2C)CCC3CN(C)C,28,1,4,3,3,0.4
N=c1c(C(=O)NC2CCCCC2)cc2c(=N)n3ccccc3nc2n1CCCN,29,0,4,3,5,0.42857142857142855
Cn1ccc(=N)c2cc3c(=N)n(CCCN4CCOCC4)c(=N)n(CCN4CCOCC4)c3nc21,35,0,5,3,7,0.5833333333333334
COC(=O)c1cc2c(=N)c3c(N4CCN(C)CC4)ncnc3oc2cc1Cl,27,0,4,3,2,0.3333333333333333
CN(C)CCn1cnc2cc3c(=O)c4ccc(=O)oc4oc3cc2c1=N,26,0,4,4,3,0.2222222222222222
CCOC(=O)c1cc2cc3c(=N)n(CCN(CC)CC)c(N(CC)CC)nc3nc2n(CC)c1=N,35,0,3,3,11,0.56
CN(C)CCCn1c2ncccc2c(=N)c2c(=N)c3cc(Cl)ccc3oc21,27,0,4,4,4,0.25
Cn1c2nc(N3CCNCC3)n(Cc3ccc(Cl)cc3)c(=N)c2c(=O)c2ccc(=O)[nH]c21,32,0,5,4,3,0.2727272727272727
Cc1ccc2nc3c(cc2c1)c(=N)c1c(=N)n(CCN2CCCC2)cnc1n3CCN1CCCCC1,36,0,6,4,6,0.5
CCn1c2ccc(C(=O)OC)cc2c(=N)c2c(NCCN(C)C)ncnc21,27,0,3,3,6,0.3684210526315789
N=c1c2ccc(F)cc2oc2nc(N3CCNCC3)ccc12,22,0,4,3,1,0.25
CN(C)CCn1cnc2c(c1=N)c1ccc(C(=O)Nc3ccc(F)cc3)cc1c(=N)n2CCCO,35,0,4,4,8,0.28
Cc1c(C(N)=O)c(=N)n(C)c2c1c(=N)n(CCN(C)C)c1ncccc21,26,0,3,3,4,0.3333333333333333
Cc1ccc(NC(=O)c2ccc3c(c2)c(=O)c2cc(N4CCN(C)CC4)c(C)nc2n3C)cc1,34,0,5,4,3,0.2962962962962963
Cc1cccnc1NC(=O)c1ccc2c(c1)c(=N)c1ccc(N3CCNCC3)nc1n2C,32,0,5,4,3,0.25
Cc1cccn2c(=O)c3c(=N)n(Cc4ccccc4)c(=O)n(CCCN4CCCCC4)c3nc12,34,0,5,4,6,0.38461538461538464
CN(C)CCCn1cc(-c2ccc3ncccc3c2)c(=N)c2ccc(C(F)(F)F)nc21,31,0,4,4,5,0.2608695652173913
CSc1nc2nc3c(cc2c(=N)n1-c1ccccc1)c(=N)n(CCN1CCOCC1)c(=N)n3C,34,0,5,4,5,0.34782608695652173
CCn1c(=NCc2ccc(Cl)cc2)c(C(N)=O)cc2cnc(N3CCNCC3)nc21,30,0,4,3,5,0.3333333333333333
CC(C)n1c(N2CCN(C)CC2)nc2c(c1=N)c1c([nH]c(=O)c(=N)n1C)c(=N)n2C,30,0,4,3,2,0.5263157894736842
CS(=O)(=O)c1ccc2nc(NCCN3CCCCC3)n3c(=N)cc(C(F)(F)F)nc3c2c1,32,0,4,3,5,0.45
N#Cc1cnc2[nH]c(=NC(=O)c3cc(C(F)(F)F)cc(S(=O)(=O)N4CCCCC4)c3)[nH]c(=N)c2c1,35,0,4,3,3,0.2857142857142857
COC(=O)c1ccc2c(c1)c(=O)c1c3ccccc3oc1n2CCN(C)C,27,0,4,4,4,0.23809523809523808
Cc1nc2cc(S(=O)(=O)N3CCCCC3)ccc2c(=N)n1CCN1CCOCC1,29,0,4,2,5,0.6
CCOC(=O)c1cc(C(=O)OCC)c2nc3ccc(OCCN(C)C)cc3c(=N)n2c1,31,0,3,3,8,0.36363636363636365
CCn1c2cc3nc(C)oc3cc2c(=N)c2c3c(c(N4CCN(C)CC4)nc21)CCCC3,32,0,6,4,2,0.48
CN(C)CCCn1c2cc(C(=O)O)ccc2c(=N)c2cc(C(F)(F)F)cnc21,28,0,3,3,5,0.3157894736842105
CCN(CC)CCNC(=O)c1ccc2c(c1)c(=N)c1c(=N)n3c(nc1n2CC)CCC3,31,0,4,3,7,0.4782608695652174
CN(C)CCNc1cnc2oc3occc(=N)c3c(=O)c2c1,22,0,3,3,4,0.26666666666666666
Cn1c(=N)c(-c2ccncc2)cc2c(N3CCNCC3)nc(N3CCOCC3)nc21,30,0,5,3,3,0.42857142857142855
CN(C)CCCn1ccc(=N)c2cc3ccc(C(=O)O)cc3nc21,24,0,3,3,5,0.2777777777777778
CN(C)CCn1ccc(=N)c2cc3c(=N)n4c(nc3cc21)CCCC4,25,0,4,3,3,0.42105263157894735
COC(=O)c1ccc2c(=N)c3c(N4CCN(C)CC4)ncnc3oc2c1,26,0,4,3,2,0.3333333333333333
Cc1ccccc1-c1ccc2c(c1)c(=N)c1cc3ccccc3nc1n2CCCN,30,0,5,5,4,0.15384615384615385
CN(C)CCn1c2cc3ccccc3cc2c(=N)c2cc3c(=N)n(CCN)cnc3nc21,32,0,5,5,5,0.25
CN(C)CCCn1c(=O)c(-c2cc[nH]c(=O)c2)cc2c(=N)n(CCN(C)C)cnc21,30,0,3,3,8,0.42857142857142855
N=c1c2c(=O)n(CCN3CCCC3)cnc2ncn1Cc1ccc(F)cc1,27,0,4,3,5,0.3684210526315789
N=c1c(C(=O)O)cc2cc3ncccc3nc2n1CCCN1CCC(F)(F)CC1,29,0,4,3,5,0.4
COc1ccc(-n2c(SCCN3CCCCC3)nc3c(c(=N)c4cc(C(=O)O)ccc4n3C)c2=N)cc1,37,0,5,4,7,0.3333333333333333
COC(=O)c1ccc2nc3c(cc(C#N)c(=N)n3CCN3CCCCC3)c(=N)n2c1,30,0,4,3,4,0.38095238095238093
CCOC(=O)c1ccc2nc3nc(N4CCN(C)CC4)n(CCN(CC)CC)c(=N)c3c(=N)n2c1,35,0,4,3,8,0.5416666666666666
CCCN1CCN(c2nc3cc4c(=N)n(C)c(=O)n(C)c4cc3c(=N)[nH]2)CC1,28,0,4,3,3,0.47368421052631576
N=c1c2cc(F)ccc2nc2n(CCN3CCCC3)c3ncccc3c(=N)n12,28,0,5,4,3,0.3
CCOC(=O)c1cn2c(=N)c(C#N)c(NCCN(C)C)nc2n(C)c1=N,26,0,2,2,6,0.4375
NCCn1c2ccc(C(=O)c3ccccc3)cc2c2c(N3CCNCC3)ncnc21,30,0,5,4,5,0.2608695652173913
CN(C)c1nc(N2CCNCC2)c2cc3oc4ccc(O)cc4c(=N)c3cc2n1,29,0,5,4,2,0.2857142857142857
COC(=O)c1ccc2c(=N)c3c(N4CCNCC4)ncnc3oc2c1,25,0,4,3,2,0.29411764705882354
CCn1c(C(=O)c2ccccc2)cc2c(=N)n(CCN3CCOCC3)cnc21,28,0,4,3,6,0.38095238095238093
COc1ccc(Cn2cnc3c(c(=O)c4cc(C(=O)O)ccc4n3CCN3CCOCC3)c2=N)cc1,36,0,5,4,7,0.3076923076923077
Cc1cc(=O)oc2cc3c(cc12)c1cccnc1c(=N)n3CCN1CCCCC1,29,0,5,4,3,0.34782608695652173
CCn1c2ccc(C(C)=O)cc2c(=O)c2c(N3CCNCC3)nc(N3CCNCC3)nc21,32,0,5,3,4,0.4782608695652174
N=c1c2cc(-c3ccncc3)ccc2ncn1CCCN1CCCCC1,26,0,4,3,5,0.38095238095238093
CCOC(=O)c1ccn2c(=N)c3c(N4CCNCC4)ncnc3nc2c1,26,0,4,3,3,0.35294117647058826
CC(=O)c1ccc2c(=N)c3c(NCCN(C)C)ncnc3n(C)c2c1,25,0,3,3,5,0.3333333333333333
CN(C)CCCn1c2ncc(C(F)(F)F)cc2c(=O)c2cc3ccc(=O)n(C)c3nc21,31,0,4,4,4,0.3333333333333333
CS(=O)(=O)c1ccc2c(c1)c(=O)c1cc(F)cnc1n2CCCN1CCOCC1,29,0,4,3,5,0.4
N=c1[nH]c2cc(C(N)=O)ccc2c2cc(-c3cccnc3N3CCNCC3)ccc12,30,0,5,4,3,0.17391304347826086
CCn1c(=N)c2c(N3CCN(c4ccc(F)cc4)CC3)nc(N3CCN(C)CC3)nc2n(CC)c1=N,36,0,5,3,5,0.52
Cc1nc(N2CCN(C)CC2)c2c(=N)[nH]c3ccc(S(C)(=O)=O)cc3c2n1,27,0,4,3,2,0.3888888888888889
CN(C)CCn1cnc(=N)c2cc3cc(C(N)=O)c(=N)n(C4CC4)c3nc21,27,0,4,3,5,0.3888888888888889
CN(C)CCn1c2ccccc2c(=O)c2cc3c(cc(C(=O)O)c(=N)n3CCF)cc21,31,0,4,4,6,0.2608695652173913
N=c1c2cc3c(cc2n(CCN)c2ncnc(N4CCNCC4)c12)OCO3,27,0,5,3,3,0.3888888888888889
N=c1[nH]c2cc3oc(N4CCCCC4)cc(=O)c3cc2c(=N)n1CCN1CCCCC1,31,0,5,3,4,0.5217391304347826
CCOC(=O)c1ccc2nc3c(c(=N)ncn3CCN3CCCCC3)c(=N)n2c1,29,0,4,3,5,0.45
CN(C)CCNc1ncnc2oc(-c3ccncc3)cc(=N)c12,23,0,3,3,5,0.25
CN(C)CCCn1c(=N)c(C(=O)c2ccccc2)cc2c(=N)n3ccccc3nc21,30,0,4,4,6,0.21739130434782608
CCn1c2ccc(C(=O)O)cc2c(=O)c2c(=N)n(CCCN(C)C)cnc21,27,0,3,3,6,0.3684210526315789
Cn1c(=O)c2cc3c(=N)n(CCN)c(=N)n(CCN)c3nc2n(C)c1=O,26,0,3,3,4,0.4
N=c1c2ccc(C(=O)O)cc2n(CC(F)(F)F)c2nc(NCCN)ncc12,27,0,3,3,5,0.25
N=c1c2cc3[nH]c(=O)ccc3cc2cnn1CCN1CCCCC1,24,0,4,3,3,0.3888888888888889
CN1CCC(NC(=O)c2ccc(-n3c(=N)c4ccc(-c5ccc(C(F)(F)F)cc5)nc4n(CCN4CCOCC4)c3=N)cc2)CC1,46,0,6,4,7,0.3939393939393939
CN(C)CCn1c(=N)c2cc3c4c(c(=O)n(C)c(=O)n4C)c(=N)n(CCN(C)C)c3nc2n(Cc2ccccc2)c1=O,42,0,5,5,8,0.3793103448275862
Cn1c(=N)c2c(=N)n(-c3ccccc3)c(=N)n(CCN3CCOCC3)c2c2ccc3ccccc3c21,36,0,6,5,4,0.25
N=c1c2ccc(=O)[nH]c2[nH]c2c1cc(C(F)(F)F)c(=N)n2CCN1CCCCC1,29,0,4,3,3,0.42105263157894735
CN(C)CCn1cnc2cc3oc4ccc(C(=O)O)cc4c(=N)c3cc21,26,0,4,4,4,0.21052631578947367
CCOC(=O)c1cc2cc3c(=N)n(C)c(=O)n(CCCN(C)C)c3nc2n(C)c1=N,30,0,3,3,6,0.45
Cn1c2ccc(S(=O)(=O)c3ccc(F)cc3)cc2c(=N)c2c(N3CCNCC3)ncnc21,32,0,5,4,3,0.22727272727272727
CCOC(=O)c1ccc2c(c1)c(=O)c1c(=N)n(CCN(C)C)cnc1n2CC,28,0,3,3,6,0.4
CN(C)CCn1c(=N)[nH]c(=N)c2cc3nc(N4CCN(C)CC4)ccc3cc21,28,0,4,3,4,0.45
N=c1[nH]c2cnc(N3CCNCC3)cc2c2[nH]c3c(c12)CCCC3,24,0,5,3,1,0.4444444444444444
Cn1c2cc(F)ccc2c(=O)c2c(=N)n(CC(=O)N3CCCCC3)cnc21,27,0,4,3,2,0.3684210526315789
CN1CCN(c2ncnc3c2c(=N)n(CCCN2CCOCC2)c2ccc(C(=O)O)cc32)CC1,34,0,5,3,6,0.5
CN(C)CCn1c2cnccc2c(=N)c2cc3ccc(=O)oc3cc21,25,0,4,4,3,0.21052631578947367
CCN(CC)CCCn1c2ccc(S(=O)(=O)N(CC)CC)cc2c(=N)c2cnc(-c3ccco3)nc21,36,0,4,4,11,0.4230769230769231
Cn1c(=N)c(C(N)=O)cc2cc3c(=N)oc(N4CCNCC4)nc3nc21,26,0,4,3,2,0.3125
N=c1c2ccccc2n(CCN2CCCC2)c2nc(N3CCNCC3)n(Cc3ccccc3)c(=N)c12,36,0,6,4,6,0.39285714285714285
N=c1c2cc(C(=O)c3ccc(C(F)(F)F)cc3)ccc2ncn1CCN1CCCC1,30,0,4,3,5,0.3181818181818182
CN(C)CCCn1c(=N)c(C(=N)N)cc2cc3ccccc3nc21,24,0,3,3,5,0.2777777777777778
CN(C)CCCn1c2ccc(S(=O)(=O)N3CCCCC3)cc2c2c(=N)n(CCN(C)C)cnc21,34,0,4,3,9,0.5833333333333334
CN(C)CCn1c(=N)n(C)c(=N)c2cc3[nH]c4ccccc4c(=N)c3cc21,27,0,4,4,3,0.25
CN(C)CCCn1c(=N)n(-c2ccc(F)cc2)c(=N)c2cc(C(=O)Nc3ccc(F)cc3)ccc21,35,0,4,4,7,0.19230769230769232
CCCc1nc2c(c(=O)c3cc4c(cc3n2C)OCO4)c(=N)n1CCN1CCN(c2ccc(F)cc2)CC1,38,0,6,4,6,0.39285714285714285
N=c1c2cc3cc(O)ccc3nc2ncn1CCN1CCCC1,23,0,4,3,3,0.35294117647058826
CCn1c(=N)c(C(=O)OC)cc2cc3c(=N)n(CCN(C)C)c(=N)n(CC)c3nc21,30,0,3,3,6,0.45
CN(C)CCCn1ccc(=N)c2cc3cc(F)ccc3nc21,22,0,3,3,4,0.29411764705882354
N=c1[nH]c2cnc(NCCN)cc2c2cc(-c3ccncc3)ccc12,25,0,4,4,4,0.10526315789473684
Cn1c(=N)c2c(NCC3CCCN3)ncnc2c2cc(C(=O)O)ccc21,26,1,4,3,4,0.3333333333333333
Cn1c2ccc(S(C)(=O)=O)cc2c(=O)c2c(N3CCN(CC(F)(F)F)CC3)ncnc21,31,0,4,3,3,0.42105263157894735
CCN1CCN(c2nc3ccc(C(=O)C(F)(F)F)cc3c(=N)[nH]2)CC1,25,0,3,2,3,0.4375
CCOC(=O)c1cc2c(=N)n3c(nc2n(C)c1=N)CCCC3CN1CCCC1,28,1,4,2,4,0.6
CCOC(=O)c1cc2cc3c(=N)ncn(CCN(C)C)c3nc2c(=N)o1,26,0,3,3,5,0.35294117647058826
N=c1c2cc3c(C(=O)c4ccccc4)c4n(c3nc2ncn1CCN1CCOCC1)CCC4,33,0,6,4,5,0.36
Cc1ccc(S(=O)(=O)c2ccc3c(c2)c(=N)c2c(N)ncnc2n3CCCN(C)C)cc1,32,0,4,4,6,0.2608695652173913
CCOC(=O)c1cc2cc3c(=N)n(-c4ccccc4)c(=O)n(CCN(C)C)c3nc2n(C)c1=N,34,0,4,4,6,0.2916666666666667
N=C1Nc2ncnc(N3CCNCC3)c2C(=O)C1=Cc1ccccn1,25,0,4,2,2,0.23529411764705882
COC(=O)c1ccc2nc3c(cc2c1)c(=N)n(C1CCCN(C)C1)c(=N)n3CCN1CCOCC1,35,1,5,3,5,0.52
CCOC(=O)c1cc2cc3oc(N4CCNCC4)nc(=N)c3cc2oc1=O,27,0,4,3,3,0.3333333333333333
N=c1nc(N2CCNCC2)c2c(=N)oc3cc(C(=O)O)ccc3c2o1,25,0,4,3,2,0.25
CCOC(=O)c1cc2c(=N)n(CCCN(C)C)c(C)nc2n(C)c1=N,25,0,2,2,6,0.5294117647058824
N=c1cc(N2CCCC2)oc2c1ccc1c(=O)n(CCN3CCCC3)ncc12,28,0,5,3,4,0.47619047619047616
CN1CCN(c2nc3cc4c(=N)c5ccccc5n(C)c4cc3c(=N)[nH]2)CC1,28,0,5,4,1,0.2857142857142857
N=c1c2ccc(F)cc2oc2ccnc(NCCN)c12,20,0,3,3,3,0.14285714285714285
Cc1cc(=N)oc2cc3nc(N4CCN(C)CC4)[nH]c(=N)c3cc12,24,0,4,3,1,0.35294117647058826
N=c1oc2cc3cccnc3cc2c2cc3c(cc12)ncn3CCN1CCCC1,29,0,6,5,3,0.2608695652173913
N=c1c2cc(C(N)=O)ccc2oc2ncnc(N3CCNCC3)c12,24,0,4,3,2,0.25
CN1CCN(c2ncnc3c2c(=N)c2cc(C(N)=O)ccc2n3C)CC1,26,0,4,3,2,0.3333333333333333
CCn1c(=N)n(CCN(C)C)c(=N)c2cc3cc(C(=O)O)c(=N)n(C)c3nc21,28,0,3,3,5,0.3888888888888889
CN(C)CCNc1nccc2c(=N)c3ccc(C(=O)O)cc3oc12,24,0,3,3,5,0.23529411764705882
N=c1c2cc3ccc(=N)n(CCN)c3nc2n(CC(F)(F)F)c(=N)n1CCN1CCCC1,32,0,4,3,6,0.5
COC(=O)c1ccc2c(c1)c(=N)c1cc3c(=N)n(C)c(=O)n(C)c3nc1n2CCCN(C)C,33,0,4,4,5,0.34782608695652173
CN(C)CCn1cnc2nc3cc[nH]c(=N)c3cc2c1=N,21,0,3,3,3,0.2857142857142857
CCN=c1c2cc(C(=O)O)ccc2nc2n1CCCN2CCN(C)C,25,0,3,2,5,0.5
Cn1c2ccc(C(=O)c3ccc(Cl)cc3)cc2c(=N)c2c(N3CCNCC3)ncnc21,31,0,5,4,3,0.21739130434782608
Cn1c(=N)c(C(N)=O)cc2c(=N)n(CCCN3CCCCC3)c3ncccc3c21,29,0,4,3,5,0.42857142857142855
CCOC(=O)c1ccc2nc3c(c(=N)n2c1)n(CCN1CCCCC1)c(=N)n3CC,30,0,4,3,6,0.5238095238095238
COC(=O)c1ccc2c(c1)c(=O)c1cc(C(=O)OC)cnc1n2CCN(C)C,28,0,3,3,5,0.3
CN1CCN(c2cc3c(=N)[nH]c4cc(C(N)=O)ccc4c3cn2)CC1,25,0,4,3,2,0.2777777777777778
N=c1[nH]c2c(=NCCN)[nH]c3ccnc(NCCN)c3c2[nH]1,22,0,3,3,5,0.3076923076923077
CCN(CC)CCn1c(=N)c2cc(-c3ccc(C(F)(F)F)cc3)c(C(=O)OC)cc2n(Cc2ccc(C(F)(F)F)cc2)c1=N,44,0,4,4,9,0.3225806451612903
COc1ccc2oc3c4cnn(CCN5CCCCC5)c4n(CC(F)(F)F)c(=N)c3c2c1,32,0,5,4,5,0.45454545454545453
C=CCn1c(=N)c2cnc(N3CCN(C)CC3)nc2n(CC(F)(F)F)c1=N,27,0,3,2,4,0.5
CCn1c(=N)n(CCCN2CCCCC2)c(=N)c2cc(C(=O)NC3CCCCC3)ccc21,32,0,4,2,7,0.64
CC(=O)c1ccc2oc3ncnc(N4CCNCC4)c3c(=N)c2c1,24,0,4,3,2,0.29411764705882354
Cc1nc2c(ccc(=N)n2Cc2cc(C(F)(F)F)cc(C(F)(F)F)c2)c2ncn(CCN(C)C)c12,35,0,4,4,5,0.34782608695652173
CN(C)CCCn1c2ccc(S(=O)(=O)N(C)C)cc2c(=N)c2nc3ccccc3nc21,31,0,4,4,6,0.3181818181818182
Cc1cc(=O)oc2cc3oc4ccnc(NCCN)c4c(=N)c3cc12,25,0,4,4,3,0.16666666666666666
N=c1c2cc3c(=N)n(CCN4CCOCC4)c4ncccc4c3cc2ncn1CCN1CCOCC1,36,0,6,4,6,0.46153846153846156
c1cncc(-c2ccc3ncc4c(N5CCNCC5)ncnc4c3c2)c1,26,0,5,4,2,0.2
N=c1oc(N2CCCCC2)nc2cc3c(=N)oc(N4CCNCC4)nc3cc12,28,0,5,3,2,0.47368421052631576
COC(=O)c1ccc2c(c1)c(=N)c1c(N)ncnc1n2CCCN(C)C,26,0,3,3,5,0.3333333333333333
CN(C)CCn1cnc2c(c(=N)c3cc(C(=O)c4ccccc4)ccc3n2CCN(C)C)c1=N,34,0,4,4,8,0.3076923076923077
CC(=O)c1ccc2oc3nc(N4CCN(C)CC4)ncc3c(=N)c2c1,25,0,4,3,2,0.3333333333333333
N=c1c2ccc(C(N)=O)cc2oc2ccnc(N3CCNCC3)c12,24,0,4,3,2,0.23529411764705882
CN(C)CCn1c2ccccc2c(=N)c2cc3cc(C(=O)O)ccc3nc21,27,0,4,4,4,0.19047619047619047
CC(=O)c1cccc(-n2cnc3c(cnn3CCN)c2=N)c1,22,0,3,3,4,0.2
N=c1c2cc3cc4c(cc3nc2nc(N2CCNCC2)n1Cc1ccccc1F)OCO4,32,0,6,4,3,0.2608695652173913
CN(C)CCNc1ncnc2c1cnc1ccc(C(=O)c3ccccc3)cc12,28,0,4,4,6,0.18181818181818182
CN(C)CCSc1nc2c(c(=O)c3cc(C(=O)O)ccc3n2C)c(=N)n1-c1ccccc1,32,0,4,4,6,0.21739130434782608
Cn1c2nc3ncccc3c(=O)c-2cc2c(N3CCNCC3)ncnc21,26,0,5,2,1,0.2777777777777778
CN1CCN(c2nc3nc4c(cc3c(=N)n2C)c(=N)n(C)c(=O)n4C)CC1,27,0,4,3,1,0.47058823529411764
N=c1ccn(CCN2CCCCC2)c2nc3ccc(C(=O)Nc4ccccc4)cc3cc12,32,0,5,4,5,0.2692307692307692
Cn1c(=O)[nH]c2cc3c(=N)n(CCN4CCOCC4)c(N4CCCC4)nc3cc2c1=N,31,0,5,3,4,0.5238095238095238
CN1CCN(c2nc(N3CCN(C)CC3)c3c(=O)c4cc(S(=O)(=O)N(C)C5CCCCC5)ccc4n(C)c3n2)CC1,41,0,6,3,5,0.6206896551724138
N=c1c(C#CCCO)cc2c(N3CCNCC3)ncnc2n1-c1ccc(F)cc1,29,0,4,3,3,0.2857142857142857
CCOC(=O)c1ccc2c(=N)n(CCN3CCC(n4ncnc4C)CC3)c(=N)n(C)c2c1,32,0,4,3,6,0.5
Cn1c(=N)c2ccc(S(=O)(=O)N3CCCCC3)cc2c2c(=N)n(CCN3CCCCC3)cnc21,34,0,5,3,5,0.5416666666666666
CN(C)CCn1c2cc3ncccc3cc2c(=N)c2c(N3CCNCC3)ncnc21,30,0,5,4,4,0.36363636363636365
COCCCn1c(N2CCN(c3ccccn3)CC2)nc2cc3c(cc2c1=N)c(=N)n(C)c(=O)n3C,36,0,5,4,6,0.4
COC(=O)c1ccc2c(=N)c3c(N4CCN(C)CC4)nccc3[nH]c2c1,26,0,4,3,2,0.3157894736842105
N=c1[nH]cccc1-c1nc2ccc(S(=O)(=O)N3CCCCC3)cc2c(=O)n1CCCN1CCOCC1,36,0,5,3,7,0.48
N=c1[nH]c2cc3ncccc3cc2c(=N)n1CCNCCn1cccc1,26,0,4,4,6,0.21052631578947367
CCn1c2ccc(C(=O)OC)cc2c(=O)c2c(=N)n3cccc(N4CCNCC4)c3nc21,32,0,5,4,3,0.30434782608695654
CN(C)CCn1cnc2ccc(S(=O)(=O)c3ccccc3)cc2c1=N,25,0,3,3,5,0.2222222222222222
N=c1[nH]c2nc3c(cc2cc1C(N)=O)c(=N)nc(Cl)n3CCN1CCCC1,27,0,4,3,4,0.35294117647058826
CCn1cc(C(N)=O)c(=N)c2cc3nc(C)n(CCN(C)C)c(=N)c3cc21,27,0,3,3,5,0.3684210526315789
CCOC(=O)c1ccc2ncc3c(NCCN(C)C)ncnc3c2c1,25,0,3,3,6,0.3333333333333333
N=c1c2cc(C(=O)NCc3ccccc3)c(=N)n(CCN3CCOCC3)c2nc2n1CCCC2,34,0,5,3,6,0.44
CCOC(=O)c1cc2c(=N)n(CCCN3CCOCC3)c(=S)n(C3CC3)c2n(CC(F)(F)F)c1=N,35,0,4,2,8,0.6363636363636364
CN(C)CCCn1c2ccc(C(=O)N3CCCCC3)cc2c(=N)c2c(=N)n3ccccc3nc21,34,0,5,4,5,0.38461538461538464
N=c1ccn(-c2ccccc2)c2cc3ncn(CCN4CCCC4)c(=N)c3cc12,29,0,5,4,4,0.2608695652173913
CCCn1c(N2CCN(C)CC2)nc2c(c1=N)c(=N)n1cc(-c3ccco3)nc1n2CC,32,0,5,4,5,0.45454545454545453
Cn1c2ccccc2c(=O)c2c(=O)c3cc(S(=O)(=O)N4CCCCC4)ccc3n(CCCN3CCOCC3)c21,39,0,6,4,6,0.4482758620689655
CN(C)CCN(C)c1nccc2c1c(=N)c1cc(C(=O)NCCN3CCCC3)ccc1n2C,33,0,4,3,8,0.48
N=c1c2cc(C(=O)NCCN3CCOCC3)ccc2n(CCN2CCOCC2)c2nc3n(c(=N)c12)CCCC3,39,0,6,3,7,0.5714285714285714
Cn1c2cc3ncccc3cc2c(=O)c2c(=N)n(-c3cccc(F)c3)c(CCN3CCCC3)nc21,35,0,6,5,4,0.25925925925925924
CCOC(=O)c1ccc2nc3n(CCN)c(=N)c4cc(C(=O)OCC)ccc4n3c(=N)c2c1,33,0,4,4,6,0.2608695652173913
CN(C)CCCn1c(=N)c(C(N)=O)cc2cc(S(=O)(=O)N3CCCCC3)ccc21,29,0,3,2,7,0.5
Cn1c2nc(N3CCNCC3)ncc2c(=N)c2ccc(S(C)(=O)=O)c(Cl)c21,27,0,4,3,2,0.35294117647058826
Cc1cc(C(=O)O)cn2c(=N)c3c(=O)n(-c4ccccc4)c(=N)n(CCCN(C)C)c3nc12,33,0,4,4,6,0.2608695652173913
COC(=O)c1ccc2c(c1)c(=O)c1c(=N)n(CCN3CCCCC3)cnc1n2C,29,0,4,3,4,0.42857142857142855
CN1CCN(c2nc(N3CCOCC3)c3cc4ccc(C(F)(F)F)cc4nc3n2)CC1,31,0,5,3,2,0.47619047619047616
CN(C)CCn1c(=N)n(C)c(=N)c2cc3cc4c(nc3nc21)CCCC4=O,27,0,4,3,3,0.42105263157894735
Cn1c(=O)sc2cc3ncn(CCN4CCCCC4)c(=N)c3cc21,24,0,4,3,3,0.47058823529411764
Cn1c(=O)c2cc3ccc(=N)n(CCN4CCCCC4)c3cc2n(C)c1=O,27,0,4,3,3,0.45
CCOC(=O)c1cc2cc3c(nc2n(C)c1=N)n(CCN(CC)CC)c(=N)n1cc(-c2ccccc2)nc31,38,0,5,5,8,0.32142857142857145
CCN(CC)CCNc1ncnc2c1c(=N)c1cc(S(N)(=O)=O)ccc1n2C,28,0,3,3,7,0.3888888888888889
CC(=O)c1cn2c(N3CCCC3)nc(N3CCN(C)CC3)nc2cc1=N,26,0,4,2,3,0.5555555555555556
Cc1nc2cc(=N)c(C(N)=O)cn2c2ncn(CCN3CCCC3)c12,25,0,4,3,4,0.4117647058823529
N=c1c2cc(C(=O)N3CCCCC3)ccc2ncn1CCCN1CCCCC1,28,0,4,2,5,0.5909090909090909
CN(C)CCSc1nc2c(c(=O)c3cc(C(=O)O)ccc3n2C)c(=N)n1Cc1ccc(F)cc1,34,0,4,4,7,0.25
Cc1nc(-c2ccc3c(=N)[nH]ccc3c2)cc(N2CCN(C)CC2)n1,25,0,4,3,2,0.3157894736842105
N=c1c2ccc(C(=O)O)cc2oc2ncnc(NCCN3CCCCC3)c12,27,0,4,3,5,0.3684210526315789
COCCCn1c(=N)n(CCN2CCN(c3ccccc3)CC2)c(=N)c2c(=N)n3c(nc21)N(C)C(=O)C3=O,38,0,5,3,8,0.44
N=c1c2cnc3ccc(-c4ccncc4)cc3c2ncn1CCN1CCCC1,28,0,5,4,4,0.2727272727272727
CC(=O)c1ccc2c(c1)c(=N)c1cccnc1n2CCCN(C)CC(F)(F)F,28,0,3,3,6,0.35
COCCCn1c(=N)n(CCN2CCOCC2)c(=N)c2cc3cc(C(=O)O)c(=N)n(CCN(C)C)c3nc21,38,0,4,3,11,0.56
CCOC(=O)c1ccc2nc3n(CCN(C)C)c(=N)c4cc(C(=O)OCC)ccc4n3c(=N)c2c1,35,0,4,4,7,0.32
CCOC(=O)c1cc2cc3c(=N)ncn(CCN(CC)CC)c3cc2oc1=N,28,0,3,3,7,0.4
CC(=O)c1ccc2c(=N)c3c(N4CCN(C)CC4)ncnc3oc2c1,25,0,4,3,2,0.3333333333333333
N=c1c2ccc(C(=O)O)cc2oc2c1c(N1CCNCC1)nc1ccccc12,28,0,5,4,2,0.19047619047619047
N=c1c2ccc(C(=O)O)cc2n(CCN2CCCC2)c2ncnc(N3CCNCC3)c12,31,0,5,3,5,0.45454545454545453
CN(C)CCCn1c2ccc(S(=O)(=O)N3CCCCC3)cc2c(=N)c2cnc(N3CCN(C)CC3)nc21,37,0,5,3,7,0.5769230769230769
C#CCn1c(=N)c2ccc(=O)n(C3CC3)c2c2c(N3CCN(C)CC3)nc(N3CCC(F)(F)C3)nc21,36,0,6,3,4,0.52
NC(=O)c1cc2cnc(N3CCNCC3)nc2n(C2CC2)c1=NCCN1CCC(F)(F)C1,32,0,5,2,6,0.6190476190476191
CCOC(=O)c1cc2c(=O)c3c(=N)n(C)c(N4CCNCC4)nc3n(C)c2cc1N,30,0,4,3,3,0.4
Cn1c(=N)n(CCN2CCOCC2)c(=N)c2c(=N)n(CCN3CCOCC3)c3cc(F)c(F)cc3c21,36,0,5,3,6,0.5416666666666666
CN(C)CCn1c(=N)n(C)c(=N)c2c(=O)c3ccc(C(=O)O)cc3n(C3CC3)c21,29,0,4,3,5,0.4
Cc1cc(=O)oc2cc3oc(N4CCN(C)CC4)cc(=N)c3cc12,24,0,4,3,1,0.3333333333333333
CN(C)S(=O)(=O)c1ccc2c(=N)n(-c3nc(N)nc(N4CCNCC4)n3)c(=N)n(C)c2c1,32,0,4,3,4,0.3888888888888889
CN(C)CCCn1c(=O)c2c(=N)c3cc(F)c(F)cc3n(C)c2n(CCCN(C)C)c1=O,32,0,3,3,8,0.5
N=c1c2cc(-c3ccncc3)ccc2ncn1CCN1CCCC1,24,0,4,3,4,0.3157894736842105
CCn1c(=O)nc2n(C3CC3)c3ncnc(N4CCNCC4)c3cc-2c1=N,27,0,5,1,3,0.5
Cn1c(=N)c(C#CC(=O)c2ccccc2)cc2c(NCCN)ncnc21,26,0,3,3,4,0.15789473684210525
CN1CCN(c2nc3c(c(=N)c4cccnc4n3CCN3CCOCC3)c(=N)n2Cc2ccccc2)CC1,38,0,6,4,6,0.42857142857142855
Cn1c2ccc(S(C)(=O)=O)cc2c(=N)c2c(=N)n(CCN3CCOCC3)cnc21,29,0,4,3,4,0.42105263157894735
CN1CCN(c2nc3ccc(S(=O)(=O)c4ccc(F)cc4)cc3c(=N)[nH]2)CC1,28,0,4,3,3,0.2631578947368421
COC(=O)c1ccc2c(c1)c(=O)c1c(=N)n3c(nc1n2C)CCC3CN1CCCC1,30,1,5,3,3,0.45454545454545453
CN(C)CCNc1nccc2oc3cc(S(C)(=O)=O)ccc3c(=N)c12,25,0,3,3,5,0.29411764705882354
CC(=O)c1ccc2nc3c(cc2c1)c(=N)ncn3CCCN,22,0,3,3,4,0.25
CN(C)CCn1c2ccc(-c3ccncc3)cc2c2c(N3CCNCC3)ncnc21,30,0,5,4,5,0.34782608695652173
CCOC(=O)c1cc2cc3c(N4CCN(C)CC4)nc(NCCN(C)C)nc3nc2n(C)c1=N,34,0,4,3,7,0.5217391304347826
CC(=O)c1ccc2c(c1)c(=N)c1cc3ccccc3nc1n2CCCN(C)C,28,0,4,4,5,0.2608695652173913
CCn1c2cc(C(=O)OC)ccc2c(=N)c2c(N3CCN(C)CC3)ncnc21,28,0,4,3,3,0.4
COCCCn1c(=N)n(CC2CC3CCN2CC3)c(=N)c2cc3cc(C(=O)O)ccc3nc21,33,1,6,3,7,0.5
CCOC(=O)c1ccc2c(c1)c(=N)c1cc(C(=O)OCC)cnc1n2CC,27,0,3,3,5,0.3
Cc1cc(=O)oc2cc3c(cc12)c(=N)n(CCCN(C)C)c(=N)n3CCCN(C)C,30,0,3,3,8,0.5
COC(=O)c1ccc2c(=N)c3c(=N)n(CCN(C)C)cnc3n(C)c2c1,26,0,3,3,4,0.3333333333333333
CN(C)CCn1c(=N)c2cc(-c3ccncc3)oc2c2c(N)ncnc21,26,0,4,4,4,0.2222222222222222
CCOC(=O)c1cn(CCN2CCOCC2)c2nc3ccc(C(=O)OC)cc3cc2c1=N,32,0,4,3,6,0.391304347826087
CN(C)CCCn1cc(C(N)=O)c(=N)c2cc3ccc(=O)n(C)c3nc21,26,0,3,3,5,0.3333333333333333
CCn1c(=N)c(C(=O)NCc2ccccc2)cc2c(=N)n(CCN(C)C)c3ncccc3c21,33,0,4,4,7,0.28
CCOC(=O)c1c(C)c2cc3cc(C(=O)OC)ccc3nc2n(CCCN(C)C)c1=N,31,0,3,3,7,0.391304347826087
Cn1c(=N)c2cc(S(=O)(=O)N3CCCCC3)c(=N)n(C)c2c2c(N3CCNCC3)nc(N3CCCCC3)nc21,39,0,6,3,4,0.6153846153846154
COC(=O)c1ccc2c(=N)c3c(N4CCN(C)CC4)nccc3n(CC(F)(F)F)c2c1,31,0,4,3,3,0.38095238095238093
Cn1c(=N)c2c(=N)[nH]c(N3CCNCC3)nc2c2cc(S(C)(=O)=O)ccc21,27,0,4,3,2,0.35294117647058826
Cn1c(=N)c(C#Cc2ccc[nH]c2=N)cc2c(N3CCNCC3)ncnc21,27,0,4,3,1,0.2631578947368421
CN(C)CCn1c2ccc(C(=N)N)cc2c(=N)c2cccnc21,23,0,3,3,4,0.23529411764705882
CCCn1c(=N)n(CCN2CCOCC2)c(=N)c2cc3c(=N)[nH]c(N4CCN(C)CC4)nc3nc21,35,0,5,3,6,0.6086956521739131
COC(=O)c1ccc2nc3c(cc2c1)c(=N)n(CCN(C)C)c(=N)n3-c1ccc(F)cc1,32,0,4,4,5,0.21739130434782608
CCN(CC)CCn1c(N2CCN(C)CC2)nc2c(c1=N)c(=N)n(C)c1c2ccc2c3ccccc3n(C)c(=N)c21,41,0,6,5,6,0.41935483870967744
CC(=O)c1ccc2c(c1)c1c(NCCN(C)C)ncnc1n2CCN(C)C,27,0,3,3,8,0.45
N=c1cc(C(=O)O)oc2cc3c(N)nnc(N4CCNCC4)c3cc12,25,0,4,3,2,0.25
CN(C)CCCn1c2ccc(S(N)(=O)=O)cc2c(=N)c2c(NCCN(C)C)ncnc21,31,0,3,3,9,0.45
CCOC(=O)C#Cc1cc2c(NCCN(C)C)ncnc2oc1=N,24,0,2,2,5,0.375
Cn1c2c(cc(C(=O)O)c1=N)C(=N)N(CCN1CCOCC1)c1ccc(C(=O)Nc3ccc(C(F)(F)F)cc3)cc1N2CCN1CCOCC1,50,0,6,3,9,0.4117647058823529
Cc1cccn2c(=N)c3c(=N)c(C#N)cn(CCCN(C)C)c3nc12,25,0,3,3,4,0.3333333333333333
N=c1c2cc3ccccc3nc2n(CCN2CCCCC2)c(=N)n1-c1ccccc1,30,0,5,4,4,0.2916666666666667
Cn1c2ccc(C(N)=O)cc2c(=N)c2c(N3CCNCC3)nc(N3CCNCC3)nc21,31,0,5,3,3,0.42857142857142855
CCOC(=O)c1cc2cc3c(=O)c4ccccc4n(CCCN(C)C)c3nc2n(CCN(C)C)c1=N,36,0,4,4,9,0.4074074074074074
Cn1nnc2c(=N)c3cc4c(F)cnc(N5CCNCC5)c4n(C4CC4)c-3nc21,29,0,6,2,2,0.42105263157894735
CCN(CC)CCNc1ncnc2cc3oc4ccc(OC)cc4c(=N)c3cc12,29,0,4,4,7,0.3181818181818182
N=c1c2c(=O)c3cc4cccnc4cc3n(CCN3CCCCC3)c2ncn1CCN1CCOCC1,36,0,6,4,6,0.48148148148148145
Cc1cc(=O)oc2cc3nc(N4CCN(CC(F)(F)F)CC4)[nH]c(=N)c3cc12,28,0,4,3,2,0.3888888888888889
CCOC(=O)c1ccc2nc3c(cc(C(=O)OCC)c(=N)n3CCN(CC)CC)c(=N)n2c1,33,0,3,3,9,0.43478260869565216
CCn1c(=N)c(C(=O)Nc2ccncc2)cc2c(N3CCNCC3)ncnc21,28,0,4,3,4,0.3157894736842105
N=c1c2nc3cc(F)ccc3cc2ncn1CCCN,20,0,3,3,3,0.21428571428571427
CCn1c(=N)n(CCN2CCN(c3ccccc3)CC2)c(=N)c2cc3ccc(=O)n(C)c3nc21,34,0,5,4,5,0.36
Cc1cc(=O)oc2cc3nc(N4CCN(c5ccccn5)CC4)n(C)c(=N)c3cc12,30,0,5,4,2,0.2727272727272727
Cn1cnc2cc3c(=N)[nH]c(N4CCN5CCC4CC5)nc3cc2c1=O,26,0,6,3,1,0.4444444444444444
CN(C)CCNc1ncnc2cc3occc(=N)c3cc12,21,0,3,3,4,0.26666666666666666
N=c1c2cc3c(=O)[nH]cnc3cc2n(C2CC2)c(=N)n1CCN1CCN(c2ccccc2)CC1,34,0,6,4,5,0.36
CC(=O)c1ccc2c(c1)c(=N)c1cccnc1n2CCCN(C)C,24,0,3,3,5,0.3157894736842105
COC(=O)c1ccc2oc3ccnc(N4CCN(C)CC4)c3c(=N)c2c1,26,0,4,3,2,0.3157894736842105
N=C(N)c1ccc(-n2cnc3cc(N4CCNCC4)ncc3c2=N)cc1,26,0,4,3,3,0.2222222222222222
CN(C)CCn1c2ccc(C(=O)c3ccccc3)cc2c2c(N3CCN(C)CC3)ncnc21,33,0,5,4,6,0.34615384615384615
CN(C)CCn1cnc2c(c(=N)c3cc(C(=O)O)ccc3n2C)c1=N,25,0,3,3,4,0.29411764705882354
CCOC(=O)c1cccn2c(=N)c3cc(C#N)c(=N)n(CCCN(C)C)c3nc12,29,0,3,3,6,0.35
N=c1[nH]c(N2CCN(CC(F)(F)F)CC2)nc2nc3c(cnc(=N)n3CCN3CCOCC3)cc12,35,0,5,3,5,0.5714285714285714
COC(=O)c1ccc2c(c1)c(=N)c1c(=N)n(CCN(C)C)cnc1n2CCCN(C)C,31,0,3,3,8,0.45454545454545453
CCn1c(=O)n(CCCN(C)C)c(=N)c2cc3c(=N)n(C)c(=O)n(C)c3cc21,28,0,3,3,5,0.47368421052631576
CN(C)CCCn1c2ccccc2c(=N)c2cc3c(cc21)c(=N)n(C)c(=O)n3C,29,0,4,4,4,0.3181818181818182
CN(C)CCn1c(=N)c2cc3c(=N)c4ccccc4n(CCN(C)C)c3cc2c2ccccc21,34,0,5,5,6,0.2857142857142857
CN(C)CCNC(=O)c1cc2c3ccccc3oc2n(CCCN2CCOCC2)c1=N,31,0,4,3,8,0.4782608695652174
Cc1cc2c(=N)c3cc4cccnc4cc3oc2c(NCCN)n1,24,0,4,4,3,0.16666666666666666
CN(C)CCn1ncc2c3oc(-c4ccncc4)cc(=N)c3cnc21,25,0,4,4,4,0.2222222222222222
CC(=O)c1ccc2ncc3c(N4CCNCC4)ncnc3c2c1,23,0,4,3,2,0.29411764705882354
CN1CCN(c2nccc3c2c(=N)n(C)c2ccc(S(C)(=O)=O)cc32)CC1,27,0,4,3,2,0.3684210526315789
CCOC(=O)c1cc2c(=N)n(C)c3nc(N4CCCC4)nc(N4CCNCC4)c3c2n(C)c1=N,34,0,5,3,4,0.5217391304347826
N=c1c2cc(F)ccc2n(CC2CC3CCN2CC3)c2ccc(C(N)=O)cc12,28,1,6,3,3,0.36363636363636365
CN(C)CCn1c(=N)c2cc3cc(C(=O)O)ccc3nc2n(-c2ccccc2)c1=N,30,0,4,4,5,0.18181818181818182
CCOC(=O)c1ccc2c(=N)c3c(N4CCNCC4)ncnc3oc2c1,26,0,4,3,3,0.3333333333333333
CCOC(=O)c1cccn2c(=N)c3c(=N)n(CC(F)(F)F)c(N4CCN(C)CC4)nc3nc12,33,0,4,3,4,0.45
CN(C)CCc1nc(=N)c2cc3c(=O)n(Cc4ccccc4)c(=N)n(C)c3cc2n1C,31,0,4,4,5,0.30434782608695654
CCn1c(=N)c2cc3c(=N)n(CCN(C)C)c(=N)n(C)c3nc2n(C)c1=N,27,0,3,3,4,0.47058823529411764
CCOC(=O)c1cc2c(=O)c3ccc(F)cc3n(C)c2n(CCN(C)C)c1=N,28,0,3,3,5,0.35
CN(C)CCn1c2cc3cccnc3cc2c(=N)c2c(=N)n(CCN3CCCC3)cnc21,32,0,5,4,6,0.4166666666666667
N=c1c2ccc(C(=O)O)cc2oc2c1ccc1ccnc(N3CCNCC3)c12,28,0,5,4,2,0.19047619047619047
CCn1c(=N)c(C(N)=O)cc2c(=N)n(CCCN(C)C)c3ncn(CCCN(C)C)c(=N)c3c21,34,0,3,3,10,0.5217391304347826
CN1CCN(c2ccc3c(=N)c4cc5cccnc5cc4n(C)c3n2)CC1,27,0,5,4,1,0.2857142857142857
CCOC(=O)c1cc(=N)n2c(ccc3c(N4CCN(C)CC4)nc(C)nc32)c1,28,0,4,3,3,0.4
Cn1c2ccc(S(C)(=O)=O)cc2c(=N)c2c(N3CCNCC3)ncnc21,26,0,4,3,2,0.35294117647058826
N=c1c2cc(C(F)(F)F)c(=N)n(CCN3CCCCC3)c2n2cncc2n1CCN1CCCCC1,35,0,5,3,6,0.625
N=c1[nH]c(=N)n(CCCN2CCOCC2)c2nc3ccc(F)cc3cc12,26,0,4,3,4,0.3888888888888889
COCCCn1c(=N)c2cc(S(N)(=O)=O)ccc2c2c(N)nc(N3CCN(C)CC3)nc21,32,0,4,3,6,0.45
CN(C)CCCn1c(=N)c2cc3ccc(=O)n(C)c3nc2n(CCCN(C)C)c1=N,30,0,3,3,8,0.5238095238095238
N=c1c2cc(C(N)=O)ccc2ncn1-c1nc2ccccc2n1CCN1CCCC1,30,0,5,4,5,0.2727272727272727
Cn1c2ccc(S(C)(=O)=O)cc2c(=O)c2c(=N)n(CCN3CCOCC3)cnc21,29,0,4,3,4,0.42105263157894735
N=c1c2cc(C(=O)NC3CCCCC3)ccc2n2c(CCN3CCCC3)nnc2n1CCN1CCCC1,37,0,6,3,8,0.6428571428571429
CCOC(=O)c1ccc2c(c1)c(=N)c1cnc(N3CCCC3)nc1n2CCCN(C)C,31,0,4,3,7,0.4782608695652174
Cc1cc(=O)oc2cc3ncnc(NCCN4CCCC4)c3cc12,24,0,4,3,4,0.3888888888888889
CS(=O)(=O)c1ccc2c(c1)c(=N)n(CCN1CCCC1)c1nc(Cl)cc(=N)n21,28,0,4,3,4,0.3888888888888889
Cn1c2nc(N3CCNCC3)n(Cc3ccccc3)c(=N)c2c(=N)c2ccc(=O)[nH]c21,31,0,5,4,3,0.2727272727272727
N=c1c2cc3ccncc3cc2n(C2CC2)c(=N)n1CCN,22,0,4,3,3,0.3125
CCOC(=O)c1ccn2c(=N)c3ccc(N4CCNCC4)nc3nc2c1,26,0,4,3,3,0.3333333333333333
Cc1nc2c(c(=N)n1-c1ccc(C(F)(F)F)cc1)c1ncn(CCN3CCCC3)c1c(=N)n2C,34,0,5,4,4,0.391304347826087
CCOC(=O)c1ccc2c(c1)c(=O)c1c(N3CCN(C)CC3)ncnc1n2CC,29,0,4,3,4,0.42857142857142855
CCOC(=O)c1cc2c(=N)n(CCN(C)C)c3nc(C)n(-c4ccccc4)c(=O)c3c2n(C)c1=N,35,0,4,4,6,0.32
C=CCn1c(N2CCN(C)CC2)nc2cc3oc(=O)cc(C)c3cc2c1=N,27,0,4,3,3,0.35
CCn1ccc(=N)c2c(=N)n(CCN3CCOCC3)c3nc4ccccc4nc3c21,30,0,5,4,4,0.36363636363636365
N=c1c2ccc(F)cc2oc2c1cnc1c(NCCN)nccc12,24,0,4,4,3,0.11764705882352941
Cn1c(=O)c2cc3c(cc2n(C)c1=O)c(=N)n(-c1ccccc1)c(=N)n3CCN1CCOCC1,34,0,5,4,4,0.3333333333333333
CCn1c2nc(N3CCN(C)CC3)n(C3CCCC3)c(=N)c2c(=O)c2ccn(C)c21,30,0,5,3,3,0.5909090909090909
CC(=O)c1ccc2cc3c(=N)n(CCN(C)C)c(=N)n(CCCN(C)C)c3nc2c1,30,0,3,3,8,0.45454545454545453
CCn1c(=O)ccc2cc3cc(C(=O)NCCN4CCOCC4)c(=N)n(CCCN4CCOCC4)c3nc21,38,0,5,3,9,0.5555555555555556
CN(C)CCn1c(=N)c2cc3c(=N)n(-c4ccccc4)c(N4CCCCC4)nc3nc2n(C)c1=N,35,0,5,4,5,0.4
CN(C)CCOc1cccc2c1c(=N)c1cc3ccoc3cc1n2C,25,0,4,4,4,0.25
N=c1[nH]c2ccnc(N3CCNCC3)c2cc1-c1ccncc1,23,0,4,3,2,0.23529411764705882
Cc1cc(=O)oc2cc3nc(-c4cccnc4N4CCNCC4)[nH]c(=N)c3cc12,29,0,5,4,2,0.23809523809523808
N=c1c2cc3ccc(=O)oc3cc2nc(N2CCNCC2)n1Cc1ccccc1,29,0,5,4,3,0.22727272727272727
CCOC(=O)c1ccc2c(c1)c(=N)c1cc(C(=O)OC)ccc1n2CCN(C)C,29,0,3,3,6,0.3181818181818182
N=c1c2ccc(C(N)=O)cc2oc2cc(N3CCNCC3)ncc12,24,0,4,3,2,0.23529411764705882
Cn1c(=O)c2cc3cc(C(N)=O)c(=N)n(CCN4CCOCC4)c3nc2n(C)c1=N,30,0,4,3,4,0.42105263157894735
CN1CCN(c2ccc3c(=N)[nH]c4c5ccncc5ccc4c3n2)CC1,26,0,5,4,1,0.25
N=c1c2ccc(C(=O)O)cc2oc2cnn(CCN)c(=N)c12,22,0,3,3,3,0.14285714285714285
N=c1[nH]c(N2CCNCC2)nc2c1c(=O)c1cc(C(=O)Nc3cccc(C(F)(F)F)c3)ccc1n2CCN1CCOCC1,43,0,6,4,6,0.3793103448275862
CN(C)CCn1c2ccc(C(=O)NCc3ccccn3)cc2c2c(N3CCNCC3)ncnc21,34,0,5,4,7,0.36
N=c1c2ccc(C(F)(F)F)cc2oc2ccnc(N3CCNCC3)c12,25,0,4,3,1,0.29411764705882354
N=c1c2cc(C(N)=O)ccc2oc2c(Cl)c(N3CCNCC3)ncc12,25,0,4,3,2,0.23529411764705882
CN(C)CCSc1nc2c(c(=O)c3ccccc3n2C)c(=N)n1-c1ccc(C(N)=O)cc1,32,0,4,4,6,0.21739130434782608
Cn1c2ccc(S(C)(=O)=O)cc2c(=N)c2cnc(N3CCNCC3)nc21,26,0,4,3,2,0.35294117647058826
COC(=O)c1cc2c(=O)n3c(=O)c4ccccc4sc3nc2n(CCN2CCCC2)c1=N,32,0,5,4,4,0.3181818181818182
N=c1c2c(=O)c3cc(F)ccc3n(CCN3CCCCC3)c2ncn1Cc1ccccc1F,33,0,5,4,5,0.32
CCn1c(=O)n(C)c(=O)c2cc3c(=N)n(CCN4CCCCC4)c(N4CCCCC4)nc3nc21,34,0,5,3,5,0.625
COC(=O)c1ccc2c(=N)c3ccc4ccnc(N5CCN(C)CC5)c4c3oc2c1,30,0,5,4,2,0.2608695652173913
CN1CCN(c2ncnc3c2cc(-c2cccc(S(C)(=O)=O)c2)c(=N)n3C)CC1,29,0,4,3,3,0.35
CCN1CCN(CCn2c(=N)c3cc4cc(C(=O)O)c(=N)n(C)c4nc3n(CC(F)(F)F)c2=N)CC1,36,0,4,3,6,0.5
N=c1c2cc(C(N)=O)ccc2[nH]c2ncnc(N3CCNCC3)c12,24,0,4,3,2,0.25
CCn1c(=N)c2ccc(N3CCNCC3)nc2n2cccc12,22,0,4,3,2,0.375
CN(C)CCn1cnc2c(c(=O)c3cc(S(N)(=O)=O)ccc3n2C2CC2)c1=N,28,0,4,3,5,0.3888888888888889
N=c1oc2ccnc(N3CCNCC3)c2c2ccc(=O)[nH]c12,22,0,4,3,1,0.26666666666666666
CC(=O)c1ccc2c(=N)c3c(N4CCNCC4)ncnc3oc2c1,24,0,4,3,2,0.29411764705882354
N#Cc1c(N2CCNCC2)ncc2cc3cc(C(N)=O)ccc3nc12,25,0,4,3,2,0.2222222222222222
Cn1c(=N)c2cc3cnn(CCN4CCCCC4)c3nc2c2ccc(C(=O)O)cc21,30,0,5,4,4,0.36363636363636365
CC(=O)c1ccc2c(=O)c3c(=N)n(Cc4cccc(F)c4)cnc3n(CCN3CCOCC3)c2c1,35,0,5,4,6,0.3076923076923077
N=c1c2cc3c(cc2ncn1CCN1CCOCC1)c1ccccc1n3Cc1ccc(F)cc1,34,0,6,5,5,0.25925925925925924
Cn1c2ccc(C(=O)c3ccccc3)cc2c(=N)c2c(N3CCNCC3)nc(N3CCNCC3)nc21,36,0,6,4,4,0.3333333333333333
N=c1c2ccc(C(=O)NCCn3cccc3)cc2n(CCN2CCOCC2)c2nc3ccccn3c(=N)c12,38,0,6,5,7,0.2857142857142857
CN1C(=O)C(=O)n2c1nc1c(c2=N)c(=N)n(CCN2CCCCC2)c(=N)n1CCCN1CCOCC1,36,0,5,2,7,0.6521739130434783
CN(C)CCSc1nc2c(c(=N)c3ccc(C(=O)O)cc3n2C)c(=N)n1-c1ccccc1,32,0,4,4,6,0.21739130434782608
N=c1c2cc(C(N)=O)c(=N)n(CCN)c2nc2n1CCC2,21,0,3,2,3,0.38461538461538464
CCCCn1c(N2CCN(C)CC2)nc2nc3c(cc2c1=N)c(=N)n(C)c(=O)n3C,30,0,4,3,4,0.55
N=c1c2cc3c(=N)n4ccccc4nc3cc2n(CCN2CCCC2)c2ncccc12,31,0,6,5,3,0.25
CC(=O)c1ccc2c(c1)c(=N)c1cnc(N3CCN(C)CC3)nc1n2CCCN(C)C,31,0,4,3,6,0.4782608695652174
CN(C)CCn1ncc2c(oc(=N)c3[nH]c(=O)ccc32)c1=N,22,0,3,3,3,0.2857142857142857
N=c1ccc2cc3c(N4CCNCC4)ncnc3cc2o1,21,0,4,3,1,0.26666666666666666
Cn1c2ccc(F)cc2c(=O)c2c(=N)n(CCN3CCOCC3)c(N3CCNCC3)nc21,32,0,5,3,4,0.5
NC(=O)c1cnc2c(c1)c(=O)c1cc(N3CCNCC3)cnc1n2C1CC1,27,0,5,3,3,0.3684210526315789
NCCc1nnc2c3cc4c(=O)[nH]ccc4cc3nc(N3CCCC3)n12,26,0,5,4,3,0.3333333333333333
CN1CCN(c2cc(=N)n3c(n2)n(CC(F)(F)F)c(=N)c2ccc(=O)n(CCN4CCCC4)c23)CC1,36,0,5,3,5,0.5652173913043478
CCOC(=O)c1cc(C)c2nc(-c3cccnc3N3CCN(C)CC3)cc(=N)n2c1,30,0,4,3,4,0.36363636363636365
N=c1c2cc3cc(C(=O)O)ccc3cc2ncn1CCN,21,0,3,3,3,0.13333333333333333
Cn1c(=N)c2cc3c(=N)n(-c4ccccc4)c(=N)n(CCCN4CCOCC4)c3nc2n(CCN2CCOCC2)c1=N,42,0,6,4,8,0.4827586206896552
CCN(CC)CCN1CCCC1Cn1cnc2c(c(=N)c3cc(C(=O)O)cnc3n2C2CC2)c1=N,35,1,5,3,9,0.56
COC(=O)c1ccc2nc3c(cc2c1)c(=N)n(Cc1ccc(OC)cc1)c(=O)n3CCCN(C)C,35,0,4,4,8,0.3076923076923077
CN(C)CCn1c(=N)c2cc3c(=N)n4c(nc3nc2n(CCN(C)C)c1=N)CCC4,30,0,4,3,6,0.55
CCOC(=O)c1cc2c(=N)n(CCN3CCCCC3)cnc2n(C)c1=N,26,0,3,2,5,0.5555555555555556
CN(C)CCCn1c(=N)n(Cc2ccc(Cl)cc2)c(=N)c2c(=N)n3ccccc3nc21,31,0,4,4,6,0.2727272727272727
CC(=O)c1ccc(-n2cnc3c(c(C)nc(=O)n3CCN(C)C)c2=N)cc1,27,0,3,3,5,0.3157894736842105
CCOC(=O)c1ccc2nc3oc(=N)ccc3c(NCCNC3CCCCC3)c2c1,30,0,4,3,7,0.43478260869565216
N=c1c2cc(C=CC(=O)C(F)(F)F)c(=N)n(CCN)c2nc2n1CCC2,26,0,3,2,4,0.375
CCOC(=O)c1ccc2nc3c(ncn3CCN(C)C)c(=N)n2c1,24,0,3,3,5,0.375
COC(=O)c1ccc2c(c1)c(=N)c1cc3c(=N)n(C)cnc3nc1n2CCN(C)C,30,0,4,4,4,0.2857142857142857
COC(=O)c1cnc2c(c1)c(=N)n1cc3ccc(=O)cc-3nc1n2CCN(C)C,29,0,4,2,4,0.25
N=c1c2c3ccc(C(=O)c4cc[nH]c4)cc3c(=N)n(CCN3CCOCC3)c2ncn1CCN1CCOCC1,39,0,6,4,8,0.42857142857142855
N=c1c2cc3ccccc3n(CCN3CCCCC3)c-2nc2ccc(C(=O)O)cc12,30,0,5,2,4,0.2916666666666667
COc1ccc2nc3c4cc(C(C)=O)ccc4nc(NCCN)n3c(=N)c2c1,28,0,4,4,5,0.2
CCOC(=O)c1ccc2nc(N3CCN(C)CC3)c3c(=N)n(CCN(C)C)c(C)nc3c2c1,33,0,4,3,6,0.5
CN(C)CCn1cc(C(=O)O)c(=N)c2cc3c(=O)c4cc(Cl)ccc4n(CCN(C)C)c3cc21,34,0,4,4,7,0.32
COC(=O)c1cc2c(=N)n(CCN3CCOCC3)c3nc(C)nc(N)c3c2n(C)c1=N,31,0,4,3,4,0.45
O=c1ccc2cc3c(N4CCCNCC4)nccc3cc2o1,22,0,4,3,1,0.29411764705882354
CCN(CC)CCn1c(=N)c2cc3ncn(C)c(=N)c3cc2n(CCN(CC)CC)c1=N,32,0,3,3,10,0.5652173913043478
CN(C)CCNc1nc(=N)oc2cc3oc(=N)ccc3cc12,22,0,3,3,4,0.26666666666666666
COC(=O)c1ccc2[nH]c(=N)c3cc(C#N)c(N4CCNCC4)nc3c2c1,27,0,4,3,2,0.2631578947368421
CN(C)c1ccc2c(c1)c(=N)c1c(N3CCNCC3)ncnc1n2C,25,0,4,3,2,0.3888888888888889
Cn1c2nc(SCCN3CCCCC3)n(Cc3ccccc3)c(=N)c2c(=O)c2ccc(=O)[nH]c21,34,0,5,4,6,0.36
CN(C)CCSc1nc2c(c(=O)c3cc(C(=O)O)ccc3n2C)c(=N)n1Cc1ccccc1,33,0,4,4,7,0.25
CCCCn1c(=N)n(CCN(C)C)c(=O)c2cc3cc(C(=O)OCC)c(=N)n(C)c3nc21,32,0,3,3,8,0.5
Cn1c2ccc(C(=O)O)cc2c(=O)c2c(=N)n(Cc3ccccc3)cnc21,27,0,4,4,3,0.1
N=c1c2cc3ncccc3cc2n(CCCN)c2ncnc(N3CCNCC3)c12,29,0,5,4,4,0.3333333333333333
N=c1c(C(=O)NCc2ccc(F)cc2)cc2cc3cc[nH]c3nc2n1CCN1CCCC1,32,0,5,4,6,0.2916666666666667
COC(=O)c1ccc2c(c1)c(=N)c1c(N3CCNCC3)ncnc1n2CCN(C)C,30,0,4,3,5,0.42857142857142855
CCCn1c(=N)n(CCN2CCOCC2)c(=N)c2c3c(cnc21)CCCCC3,28,0,4,2,5,0.6666666666666666
N=c1c2ccccc2oc2cc3ccnc(N4CCNCC4)c3cc12,25,0,5,4,1,0.2
N=c1oc2c(cc1-c1ccccc1)c(=N)[nH]c1c2cnn1CCN,24,0,4,4,3,0.11764705882352941
Cn1c(=O)ccc2cc3c(=N)n(CCN4CCOCC4)c(=N)n(CCCN4CCOCC4)c3nc21,35,0,5,3,7,0.5833333333333334
N=c1[nH]c(N2CCOCC2)nc2c1cc1c(=N)n(CCN3CCOCC3)c(=N)nc-1n2C1CCCCC1,37,0,6,1,5,0.64
CN(C)CCn1c2ccc(F)cc2c(=N)c2cc3ccc(=N)n(CCN)c3nc21,29,0,4,4,5,0.2857142857142857
N=c1c(C(=O)NCCN2CCOCC2)cc2cc3c(=O)n4ccccc4nc3nc2n1CCN1CCOCC1,39,0,6,4,7,0.4444444444444444
Cn1c2cnccc2c(=O)c2c(=N)n(Cc3ccccc3)c(N3CCNCC3)nc21,30,0,5,4,3,0.2727272727272727
CCn1c(=N)c(C(N)=O)cc2c(=N)n(CCCN(CC(F)(F)F)CC(F)(F)F)cnc21,31,0,2,2,8,0.5294117647058824
CCOC(=O)c1ccc2c(=N)n(CCN3CCCCC3)c3nc4ccccc4c(=O)n3c2c1,33,0,5,4,5,0.36
CCOC(=O)c1cc2c(=N)n3c(nc2n(C)c1=N)CCC3CN,23,1,3,2,3,0.4666666666666667
CN1CCN(c2nc3nc4nc5ccccn5c(=O)c4cc3c(=N)[nH]2)CC1,27,0,5,4,1,0.2777777777777778
CCOC(=O)c1cnc2c(c1)c(=O)c1c(=N)n3c(nc1n2CCCN(C)C)CCCCC3,32,0,4,3,6,0.5217391304347826
COC(=O)c1ccc2nc3ncc(C(=O)N4CCCC4)cn3c(=N)c2c1,26,0,4,3,2,0.2777777777777778
CS(=O)(=O)c1ccc2nc(N3CCN(c4ccccn4)CC3)[nH]c(=N)c2c1,27,0,4,3,3,0.2777777777777778
N=c1[nH]c(N2CCN(CCOc3ccc(Cl)cc3)CC2)nc2ccc(S(=O)(=O)N3CCCCC3)cc12,36,0,5,3,7,0.44
CN(C)CCn1c(=O)c2cc3ccc(C(=O)O)cc3nc2n(Cc2ccccc2)c1=N,31,0,4,4,6,0.21739130434782608
N=c1c2ccccc2n(CCN2CCCC2)c2c1ccc1cc(C(=O)O)ccc12,29,0,5,4,4,0.25
CN1CCN(c2nc3cc4c(cc3c(=N)n2C)c(=O)n(C)c(=O)n4C)CC1,27,0,4,3,1,0.4444444444444444
CCN(CC)CCSc1nc2c(c(=O)c3cc(C(=O)O)ccc3n2C)c(=N)n1-c1ccc(OC)cc1,36,0,4,4,9,0.3076923076923077
COC(=O)c1cc(=N)c2cc3ncn(CCN(C)C)c(=N)c3cc2o1,25,0,3,3,4,0.29411764705882354
CCOC(=O)c1ccc2nc3c(cc2c1)c(=N)n(CCCN(C)C)c(=O)n3CCCN(C)C,33,0,3,3,10,0.5
N=c1[nH]c(=N)n(CCN2CCCC2)c2cc3cnn(Cc4ccc(F)cc4)c3cc12,30,0,5,4,5,0.3181818181818182
CN(C)CCn1c(=N)c2c(=N)c3c(n(C)c2c2c(=N)n(C)cnc21)CCCC3,28,0,4,3,3,0.5
Cc1ccc2c(=N)n(Cc3nc4ccccc4n3CCN3CCOCC3)c(=N)n(CCN3CCOCC3)c2n1,39,0,6,4,8,0.5
N=c1c2cc(C(=O)Nc3ccc(F)cc3)c(=N)n(C3CC3)c2c2cccnc2n1CCCN1CCOCC1,38,0,6,4,7,0.35714285714285715
CCN(CC)CCNc1c2cc(S(=O)(=O)N(CC)CC)ccc2nc2c1c(=N)n(C)c(=N)n2C,34,0,3,3,10,0.5217391304347826
N=c1c2cnc3ccc(C(=O)c4ccccc4)cc3c2nc2n1CCNCC2,28,0,5,4,2,0.18181818181818182
Cn1c2cc3cccnc3cc2c(=O)c2c(N3CCNCC3)ncnc21,26,0,5,4,1,0.2631578947368421
Cc1ccccc1NC(=O)c1ccc2c(c1)c(=N)c1c(N)ncnc1n2CCN(C)C,31,0,4,4,5,0.21739130434782608
Cc1cc(-c2cc3c(N4CCNCC4)ncnc3[nH]c2=N)ccn1,24,0,4,3,2,0.29411764705882354
Cn1c(=O)c2cc3c(=N)n(Cc4ncccc4N)cnc3cc2n(C)c1=O,27,0,4,4,2,0.16666666666666666
N=c1c2ccccc2oc2c1cnc1c2cnn1CCN,21,0,4,4,2,0.13333333333333333
N=c1nc(N2CCNCC2)oc2nc3cc4cccnc4cc3cc12,25,0,5,4,1,0.2222222222222222
COC(=O)c1ccc2cc3c(N4CCN(C5CCCCC5)CC4)nccc3nc2c1,30,0,5,3,3,0.4583333333333333
N=c1c2cc(-c3coc4ccccc4c3=O)ccc2ncn1CCN1CCOCC1,30,0,5,4,4,0.2608695652173913
N=c1c2ccccc2n(CCN2CCCC2)c2nc(N3CCNCC3)n(Cc3ccc(F)cc3)c(=N)c12,37,0,6,4,6,0.39285714285714285
CCN(CC)CCNc1ncnc2oc3cc(C(=O)OC)ccc3c(=N)c12,27,0,3,3,7,0.3684210526315789
Cn1c2nc3ccccc3cc2c(=N)c2c(N3CCNCC3)ncnc21,26,0,5,4,1,0.2631578947368421
Cc1nc2cc3c(cc2c(=O)n1C)c(=N)n(CCN1CCOCC1)c(=N)n3C,28,0,4,3,3,0.47368421052631576
N=c1c2cc(C(N)=O)ccc2oc2ccnc(-c3cncc(N4CCNCC4)c3)c12,30,0,5,4,3,0.18181818181818182
N=c1c(C(N)=O)cn2c(=N)c3cc4cccnc4cc3nc2n1CCN,26,0,4,4,3,0.11764705882352941
CN1CCN(c2nc3cc4c(=N)occc4cc3c3nn(C)c(=N)n23)CC1,27,0,5,4,1,0.3333333333333333
Cc1ccc(S(=O)(=O)c2ccc3c(c2)c(=O)c2c(N4CCNCC4)nc(N4CCN(C)CC4)nc2n3C)cc1,39,0,6,4,4,0.39285714285714285
N=c1c2ccc(C=O)cc2n(CCN)c2ncnc(N3CCNCC3)c12,26,0,4,3,4,0.3333333333333333
N=c1c2ccccc2n(CCN2CCCC2)c2nc(N3CCNCC3)n(Cc3cccc(F)c3)c(=N)c12,37,0,6,4,6,0.39285714285714285
COC(=O)c1ccc2nc3c(cc2c1)c(=N)n(-c1ccc(OC)cc1)c(=N)n3CCCN(C)C,34,0,4,4,7,0.28
CCn1c(=N)ccc2cc3cc(CCCN4CCCC4)c(=N)oc3cc21,26,0,4,3,5,0.42857142857142855
CCNc1nc2cc3c(=N)oc4cnccc4c3cc2c(=N)n1CCN(C)C,28,0,4,4,5,0.3
N=c1c2c3c(sc2n(CCN2CCOCC2)c(=N)n1CCN1CCOCC1)CCCC3,31,0,5,2,6,0.7272727272727273
Cn1c(=N)c2cc3cccnc3cc2c2c(=N)n(CCN3CCOCC3)c3ncccc3c21,33,0,6,5,3,0.28
CN(C)CCNc1cc(=N)oc2cc3[nH]c(=N)oc(=O)c3cc12,23,0,3,3,4,0.26666666666666666
N=c1[nH]c2ccc(-c3cc(N)ccn3)cc2c2ncnc(NCCN)c12,26,0,4,4,4,0.1111111111111111
CCn1c(=N)c2sccc2c2c(=N)n3cnn(CCN(C)C)c3nc21,25,0,4,4,4,0.375
CCn1c(=O)c2cc3c(=N)[nH]c(N4CCN5CCCC5C4)nc3nc2n(CC)c1=O,30,1,5,3,3,0.55
N=c1c2cc3c(=N)n(CCN4CCOCC4)c(=N)n(CCN4CCOCC4)c3nc2ccn1CCN1CCOCC1,41,0,6,3,9,0.6428571428571429
N=c1oc2cc(O)ccc2c2cc3c(=N)ncn(CCN4CCOCC4)c3cc12,29,0,5,4,3,0.2857142857142857
Cc1nc2nc3c(cc2c(=N)[nH]1)c(=N)[nH]c(=N)n3CCN,21,0,3,3,2,0.25
Cn1c2cc3cccnc3cc2c(=O)c2c(=N)n(Cc3ccccc3)c(N3CCNCC3)nc21,34,0,6,5,3,0.23076923076923078
CCn1c(=N)c2cc(S(C)(=O)=O)ccc2n(CCCN2CCOCC2)c1=N,27,0,3,2,6,0.5555555555555556
CN1CCN(c2ccc3cc4[nH]c(=N)oc(=N)c4cc3n2)CC1,23,0,4,3,1,0.3125
Cc1c(C#N)c2cc3ccc(C(=O)O)cc3nc2n(CCCN(C)C)c1=N,27,0,3,3,5,0.3
N=c1c2cccnc2n(CCN2CCCC2)c2c1ccc1cc(C(=O)O)ccc12,29,0,5,4,4,0.2608695652173913
CCn1c2ccc(C(N)=O)cc2c(=N)c2cnc(N3CCNCC3)nc21,26,0,4,3,3,0.3333333333333333
CCN1CCN(c2nc3ccc(S(=O)(=O)N4CCCCC4)cc3c(=N)[nH]2)C(C)C1,29,1,4,2,4,0.6
N=c1c2ccccc2n(CCN2CCOCC2)c2[nH]c(=NCCN3CCCC3)c(C(N)=O)cc12,34,0,5,3,7,0.48
CN(C)CCn1c(=N)c2cc3ccc(=N)n(CCN(C)C)c3nc2n(C)c1=N,28,0,3,3,6,0.47368421052631576
N=c1ccn(CCN2CCOCC2)c2nc3ccc(C(=O)NCc4ccccc4)cc3cc12,33,0,5,4,6,0.2692307692307692
N=c1c2nc3ccccc3nc2n(CCCN2CCOCC2)c(=N)n1CCCN1CCOCC1,34,0,5,3,8,0.5833333333333334
CN(C)CCCn1c(=N)c(=Cc2ccco2)c(=N)n2c(=O)c3ccccc3nc12,29,0,4,4,5,0.23809523809523808
CCOC(=O)c1cccn2c(=N)c3c(=N)[nH]c(N4CCN(C)CC4)nc3nc12,28,0,4,3,3,0.3888888888888889
CN(C)CCCn1c(=N)c(C(N)=O)cc2c(=N)n(-c3ccccc3)cnc21,27,0,3,3,6,0.2631578947368421
N=c1c2cc3c(F)c(F)ccc3nc2n(CCN2CCCCC2)c(=N)n1CCN1CCCCC1,34,0,5,3,6,0.56
CN(C)CCNc1ncnc2oc(=Nc3ccccc3)c(C(N)=O)cc12,26,0,3,3,6,0.2222222222222222
N=c1oc2ncnc(N3CCNCC3)c2cc1-c1ccc(S(=O)(=O)N2CCCCC2)cc1,32,0,5,3,4,0.4090909090909091
N=c1ccc2cc3c(=O)n4c(nc3cc2n1CCN1CCOCC1)CCCC4,28,0,5,3,3,0.47619047619047616
Cn1c(=N)c2cc3c(nc2n(C)c1=N)c(=N)n(CCN1CCOCC1)c1ccccc31,31,0,5,4,3,0.36363636363636365
Cn1c(=N)c2cc(C(=O)O)ccc2c2c(=N)n(CCN3CCOCC3)c3ccccc3c21,32,0,5,4,4,0.2916666666666667
CCn1c(=N)n(C)c(=N)c2c(=N)n(C)c(N3CCNCC3)nc21,23,0,3,2,2,0.5714285714285714
CN(C)CCn1c(=N)c2cc3c(=N)n4ccccc4nc3nc2n(CCN(C)C)c1=N,31,0,4,4,6,0.38095238095238093
N=c1c2cc(C(F)(F)F)ccc2n(Cc2ccccc2)c2ncnc(N3CCNCC3)c12,32,0,5,4,3,0.2608695652173913
N=c1[nH]c(N2CCNCC2)nc2cc3c(=N)[nH]c(N4CCOCC4)nc3cc12,28,0,5,3,2,0.4444444444444444
CN(C)CCCn1cc(C(=O)NCCN(C)C)c(=N)c2cc3cc(C(=O)NCCN(C)C)ccc3nc21,37,0,3,3,12,0.48148148148148145
CS(=O)(=O)c1ccc2c(c1)oc(=N)c1c(SCCN)nccc12,23,0,3,3,4,0.2
COc1ccc(C(=O)c2ccc3c(c2)c(=N)c2c(N4CCNCC4)ncnc2n3C)cc1,32,0,5,4,4,0.25
COC(=O)c1cccc2c(=N)c3cc4ccccc4nc3n(CCCN(C)C)c12,29,0,4,4,5,0.2608695652173913
N=c1[nH]cc(-c2cc3c(N4CCNCC4)ncnc3[nH]c2=N)cc1Cl,25,0,4,3,2,0.25
COC(=O)c1ccc2c(c1)c1cc3c(=N)c(C#N)cn(CCN(C)C)c3cc1n2C,30,0,4,4,4,0.2608695652173913
N=c1c2cc(S(=O)(=O)N3CCCC3)ccc2n(CCN2CCOCC2)c(=N)n1-c1ccccc1,34,0,5,3,6,0.4166666666666667
N=c1c2cc(C(=O)NCc3ccc(C(F)(F)F)cc3)c(=N)n(CCCN3CCOCC3)c2nc2n1CCC2,38,0,5,3,7,0.46153846153846156
CN1CCN(c2ncnc3c2c(=N)c2cc(S(C)(=O)=O)ccc2n3C2CC2)CC1,29,0,5,3,3,0.45
CN(C)CCCn1c(SCCN(C)C)nc2ccc(S(=O)(=O)N(C)C)cc2c1=N,29,0,2,2,10,0.5789473684210527
COC(=O)c1ccc(-n2c(CCN3CCCC3)nc3c(c(=N)c4ccccc4n3CCN3CCCCC3)c2=N)cc1,41,0,6,4,8,0.4375
N=c1c2cc(C(=O)c3cccnc3)ccc2n(CCN2CCCC2)c2ncccc12,30,0,5,4,5,0.25
N=c1c2cc3ccccc3nc2n(CCN2CCCCC2)c2nc3ccccc3cc12,31,0,6,5,3,0.2692307692307692
Cn1c(=O)c(C(=O)O)cc2cc3c(=N)n(CCN4CCOCC4)c(=N)n(CCCN4CCOCC4)c3nc21,38,0,5,3,8,0.56
N=c1c2cc3cnccc3cc2ncn1CCN1CCCCC1,23,0,4,3,3,0.3888888888888889
Cn1c2ccc(C(=O)O)cc2c(=O)c2c(=N)n(-c3ccccc3)c(SCCN)nc21,30,0,4,4,5,0.14285714285714285
N=c1c2ccccc2oc2cc3c(N4CCNCC4)ncnc3cc12,25,0,5,4,1,0.21052631578947367
Cn1c(=N)c(-c2cccnc2CN)cc2cc3cccnc3nc21,24,0,4,4,2,0.1111111111111111
CN1CCN(c2ncc3cc(-c4ccn(C)c(=O)c4)c(=N)n(C)c3n2)CC1,27,0,4,3,2,0.3684210526315789
O=Cc1cc(=O)oc2cc3ccnc(N4CCNCC4)c3cc12,23,0,4,3,2,0.23529411764705882
CCCCn1c(=O)c2ccccc2c2c(=N)n3c(C)nn(CCN(C)C)c3nc21,29,0,4,4,6,0.42857142857142855
CN1CCN(c2nc(N3CCCC3)c3cc4c(cc3n2)c(=N)c(C(=O)O)cn4C2CC2)CC1,33,0,6,3,4,0.5
CC(=O)c1ccc2c(c1)c1ncnc(N3CCN(C)CC3)c1c(=N)n2C,26,0,4,3,2,0.3684210526315789
CCOC(=O)c1cc2cc(C(=O)OCC)c(=N)n(CCCN(CC)CC)c2n(C)c1=N,31,0,2,2,10,0.5454545454545454
CN(C)CCCn1c(=N)c2cc3c(=N)n(CCCN(C)C)c(=O)n(CCCN(C)C)c3nc2n(CCCN(C)C)c1=N,42,0,3,3,16,0.6896551724137931
COC(=O)c1ccc2c(c1)c(=N)c1c(N3CCN(C)CC3)ncnc1n2C,27,0,4,3,2,0.3684210526315789
N=c1c2cc(C(N)=O)ccc2n(C2CC2)c2cc3ncnc(N4CCNCC4)c3cc12,31,0,6,4,3,0.30434782608695654
CCCn1c(=O)c(C(=O)OCC)cc2cc3c(=N)n(Cc4ccc(C)cc4)c(=N)n(CCCN4CCOCC4)c3nc21,42,0,5,4,10,0.45161290322580644
N=c1c2cc(C(N)=O)ccc2n(CCCN)c2ncccc12,22,0,3,3,4,0.1875
CCn1c(=N)c2c(=N)n(C)c(=O)n(C)c2c2c(=N)n(CCN(C)C)c(-c3ccccc3)nc21,33,0,4,4,5,0.34782608695652173
Cc1cc2c(cc1N1CCNCC1)c(=N)[nH]c1ncc(-c3cccnc3)cc12,28,0,5,4,2,0.22727272727272727
CCOC(=O)c1ccnc2c1c(=N)n(CCN(C)C)c1ccc(S(=O)(=O)N3CCCCC3)cc21,34,0,4,3,7,0.4583333333333333
COC(=O)c1ccc2nc3c(cc2c1)c(=N)n(Cc1ccccn1)c(=O)n3CCN(C)C,32,0,4,4,6,0.2608695652173913
CN1CCN(c2ncnc3oc4ccc(S(C)(=O)=O)cc4c(=N)c23)CC1,26,0,4,3,2,0.35294117647058826
Cc1cc2c(oc(=N)c3cc(C(=O)O)ccc32)c(N2CCNCC2)n1,25,0,4,3,2,0.2777777777777778
Cn1c(=N)c2cc(-c3ccccn3)ccc2n2c(N3CCNCC3)nnc12,27,0,5,4,2,0.2631578947368421
CN(C)CCN(C)c1nccc2cc3c(cc12)c(=N)c1ccccc1n3C,27,0,4,4,4,0.2727272727272727
CCN(CC)CCNc1c2ccc(C(=O)OC)cc2nc2c1c1ccsc1c(=N)n2C,31,0,4,4,7,0.34782608695652173
CN(C)CCn1c(=O)n(C)c(=O)c2cc3c(=N)n(CCN4CCOCC4)c(=N)[nH]c3nc21,32,0,4,3,6,0.55
CCOC(=O)c1cc(=N)c2cc3c(NCCN)nccc3nc2o1,24,0,3,3,5,0.25
CN(C)CCNc1cc2oc3ccc(S(C)(=O)=O)cc3c(=N)c2cn1,25,0,3,3,5,0.29411764705882354
Cn1c(=O)ccc2cc3c(=N)c4c(N)ncnc4n(CCN4CCCC4)c3cc21,29,0,5,4,3,0.3333333333333333
CCN(CC)CCn1cnc2c(c(=N)c3cc4cccnc4cc3n2C)c1=N,28,0,4,4,5,0.3333333333333333
COC(=O)c1cc(=N)c2cc3cnc(=N)n(CCN(C)C)c3cc2o1,25,0,3,3,4,0.29411764705882354
CN(C)CCCn1ccc(=N)c2cc3cc(C(=O)O)ccc3nc21,24,0,3,3,5,0.2777777777777778
CN(C)CCCn1c(=O)n(C)c(=N)c2cc3c(=N)n(C)c(=N)n(CCN(C)C)c3nc21,31,0,3,3,7,0.55
CCCCn1c(=O)n(CCNC2CCCCC2)c(=N)c2cc3cc(C(=O)OCC)c(=N)n(C)c3nc21,36,0,4,3,9,0.5769230769230769
CN(C)CCn1c(=N)c2c(c3c(=N)n(-c4cccc(C(=O)NC5CC5)c4)cnc31)n(C)c(=O)n2C,35,0,5,4,6,0.375
CCOC(=O)c1ccc2c(c1)c(=N)c1cc(C#N)c(=N)n(CCN(C)C)c1n2C,29,0,3,3,5,0.3333333333333333
CCn1c(-c2cc3ccc4ncccc4c3oc2=N)nnc1C1CCCNC1,28,1,5,4,3,0.3333333333333333
N=c1c2cc(C(N)=O)ccc2n(C2CN3CCC2CC3)c2ncnc(N3CCNCC3)c12,32,1,7,3,3,0.4782608695652174
Cc1ccc(C=c2[nH]c(=Cc3cccnc3)c(=N)[nH]c2=O)cc1O,24,0,3,3,2,0.05555555555555555
CCOC(=O)c1cc2cc3c(=N)ncn(CCN(C)C)c3cc2n(C)c1=N,27,0,3,3,5,0.3684210526315789
Cc1ccccc1-n1c(SCCN)nc2c(c(=O)c3c[nH]c(=O)cc3n2C)c1=N,29,0,4,4,4,0.2
N=c1c2cc3nc4n(c(=O)c3cc2n(CCN2CCOCC2)c(=N)n1CCN1CCOCC1)CCCCC4,38,0,6,3,6,0.6296296296296297
CN(C)CCn1c(=N)n(C)c(=N)c2cc3c(=O)c4cc(Cl)ccc4n(CCN(C)C)c3nc21,33,0,4,4,6,0.391304347826087
Cn1c(=O)c2c(=N)n(CCN3CCOCC3)c3nc4ccc(C(F)(F)F)cc4c(=O)n3c2n(C)c1=O,36,0,5,4,3,0.4090909090909091
CCn1c(=NC(=O)CN2CCCC2)c(C(F)(F)F)cc2c(=N)n(CCN(C)C)c(C)nc21,32,0,3,2,6,0.6190476190476191
CN(C)CCn1c2nc3ccc(C(=O)O)cc3c(=N)c-2cc2cccnc21,27,0,4,2,4,0.2
N=c1c2cc(C(=O)O)ccc2n(C2CC2)c2ncnc(N3CCNCC3)c12,27,0,5,3,3,0.3684210526315789
COC(=O)c1cc2c(cc1C)c(=N)c1cccnc1n2CCCN(C)C,26,0,3,3,5,0.35
N=c1ccn(CC(F)(F)F)c2c1c(=N)n(CCN1CCOCC1)c1ncccc21,29,0,4,3,4,0.42105263157894735
CN(C)CCn1c2ccc(C(N)=O)cc2c2c(N)ncnc21,22,0,3,3,4,0.26666666666666666
CC(=O)c1ccc2oc3ncnc(N4CCN(C)CC4)c3c(=N)c2c1,25,0,4,3,2,0.3333333333333333
Cn1c2nc(N3CCNCC3)n(Cc3ccccc3Cl)c(=N)c2c(=O)c2ccc(=O)[nH]c21,32,0,5,4,3,0.2727272727272727
N=c1c2cc3c(=N)n(CCN4CCCCC4)c(=O)nc-3n(CC(F)(F)F)c2nc(N2CCOCC2)n1CCN1CCCCC1,44,0,6,1,8,0.6896551724137931
CCN(CC)CCNc1nc2ccc(C(=O)C(F)(F)F)cc2c(=N)[nH]1,25,0,2,2,7,0.4375
COC(=O)c1ccc2nc3n(CCN(C)C)c4nc(NCCN(C)C)ccc4cc-3c(=N)c2c1,34,0,4,2,8,0.36
Cn1c2nc(=N)n(CCN3CCOCC3)c(=N)c-2cc2c1c1ccccc1n2C,29,0,5,2,3,0.38095238095238093
N=c1c2nc3ccc(C(=O)O)cc3cc2ncn1CCN1CCCC1,25,0,4,3,4,0.3333333333333333
COC(=O)c1cc(=N)c2cc3cc(C#N)c(=N)n(CCCN(C)C)c3cc2o1,28,0,3,3,5,0.3
CCCn1c(=N)n(Cc2ccccc2)c(=N)c2cnc(N3CCNCC3)nc21,28,0,4,3,5,0.4
CC(C)n1c(=N)c(-c2ccc3ncccc3c2)cc2cc3c(=N)[nH]c(N4CCN(C)CC4)nc3nc21,36,0,6,5,3,0.2962962962962963
CN(C)CCNc1nc(N)c2c(=N)c3cc(S(=O)(=O)N4CCCCC4)ccc3n(C)c2n1,32,0,4,3,6,0.47619047619047616
CN(C)CCn1cc2c(cc1=N)c(=N)c1cc(S(=O)(=O)Nc3ccccc3)ccc1n2C,32,0,4,4,6,0.21739130434782608
CN(C)S(=O)(=O)c1ccc2c(c1)c(=O)c1cnc(N3CCN(CC(F)(F)F)CC3)nc1n2C,33,0,4,3,4,0.45
N=c1c2cc3cccnc3cc2nc(NCCN2CCCCC2)n1-c1ccccc1,30,0,5,4,5,0.2916666666666667
N#Cc1cc2c(N3CCNCC3)nccc2oc1=NC(=O)c1ccccc1,27,0,4,3,2,0.2
CN1CCN(c2nc3c(c(=N)n2C)c(=N)n2nc(-c4ccco4)nc2n3CCN2CCOCC2)CC1,36,0,6,4,5,0.5217391304347826
Cn1c2ccnc(=N)c-2cc2c(=N)n3c(nc21)N(CCN1CCCCC1)CCC3,29,0,5,1,3,0.5238095238095238
CCn1c(=N)ccc2c(NCCN3CCCCC3)c3cc(C(=O)OC)ccc3nc21,30,0,4,3,6,0.43478260869565216
CN(C)CCNc1nc(=N)oc2cc3c(=O)c4ccccc4oc3cc12,26,0,4,4,4,0.21052631578947367
CN1CCN(c2nc3c(cc4c(=N)n(C)c(=O)nc-4n3C)c(=N)n2-c2ccccc2)CC1,32,0,5,2,2,0.3181818181818182
Cc1cccn2c(=O)c3c(=N)n(CCN4CCOCC4)c(=N)n(CCN4CCOCC4)c3nc12,34,0,5,3,6,0.5652173913043478
N=c1[nH]ccc2cc3c(=N)[nH]c(N4CCNCC4)nc3cc12,22,0,4,3,1,0.26666666666666666
CC(=O)c1ccc2c(c1)oc(=N)c1c(N3CCNCC3)c(C#N)c(=N)oc12,27,0,4,3,2,0.2631578947368421
CS(=O)(=O)c1ccc2c(=N)c3c(N4CCNCC4)ncnc3oc2c1,25,0,4,3,2,0.3125
Cn1c(NCCN2CCCCC2)nc2nc3c(ccc(=O)n3CC(F)(F)F)cc2c1=N,31,0,4,3,5,0.5
CN(C)CCn1c(N2CCOCC2)nc2cc3ncn(C)c(=N)c3cc2c1=N,28,0,4,3,4,0.47368421052631576
CN1CCN(c2ncc3c(ccc4c(=N)n(CCN5CCOCC5)c(=N)n(C5CC5)c43)n2)CC1,34,0,6,3,5,0.5833333333333334
CC(=O)c1ccc2c(=N)c3c(=N)n(C)c(N4CCNCC4)nc3oc2c1,26,0,4,3,2,0.3333333333333333
CCOC(=O)c1cc2n(CCN3CCOCC3)c(=N)c3c(=N)n(CCN4CCOCC4)c(Cl)nc3n2c1,37,0,5,3,8,0.5833333333333334
CC(=O)c1ccc2c(=N)n(CCCN3CCCCC3)c(=N)[nH]c2c1,24,0,3,2,5,0.5
N=c1oc2cc3cc4ccncc4cc3c(NCCN)c2cc1CCN,26,0,4,4,5,0.2
COC(=O)c1ccc2c(=N)n(CCN3CCCCC3)c3nc4ccccc4c(=O)n3c2c1,32,0,5,4,4,0.3333333333333333
CN(C)CCn1c2ccc(C(=O)Nc3cccc(C(F)(F)F)c3)cc2c(=N)c2cccnc21,33,0,4,4,5,0.20833333333333334
CN(C)CCCn1c2cc3ccc(=O)oc3cc2c(=N)c2c(N)ncnc21,27,0,4,4,4,0.2631578947368421
N=c1c2cc(S(=O)(=O)N3CCCCC3)ccc2nc2n(CCN3CCCCC3)nc(-c3ccccc3)n12,37,0,6,4,6,0.4444444444444444
CN1CCN(c2nccc3oc4ccc(C(=O)O)cc4c(=N)c23)CC1,25,0,4,3,2,0.2777777777777778
CC(=O)c1ccc2nc3c(cc2c1)c(=N)n(C(C)CN)c(=N)n3C,24,1,3,3,3,0.29411764705882354
N=c1n(CCCN2CCCCC2)c(=O)c2cc(S(=O)(=O)N3CCCCC3)ccc2n1CCCN1CCCCC1,39,0,5,2,10,0.7241379310344828
CN(C)CCn1c(=N)c2c(=N)c3cc(O)ccc3oc2c2cc(C(=O)O)ccc21,29,0,4,4,4,0.19047619047619047
N=c1[nH]cnc2cc3c(=N)[nH]c(N4CCN(c5ccccn5)CC4)nc3cc12,28,0,5,4,2,0.21052631578947367
CN(C)CCCn1c(=N)c(C(N)=O)cc2cc3ccc(=O)oc3nc21,25,0,3,3,5,0.29411764705882354
CC(=O)c1ccc(-n2cnc3c(NCCN)nccc3c2=N)cc1,24,0,3,3,5,0.17647058823529413
CCOC(=O)c1cc2cc3c(=N)n(-c4ccc(F)cc4)c(=N)n(CCCN(C)C)c3nc2n(C)c1=N,36,0,4,4,7,0.32
N=c1c2cc(F)ccc2oc2nc(NCCN3CCCC3)ncc12,24,0,4,3,4,0.35294117647058826
N=c1[nH]c(N2CCNCC2)cc2cc3c(N)ncnc3cc12,22,0,4,3,1,0.26666666666666666
O=c1c2cc3cccnc3cc2n(C2CC2)c2ncnc(N3CCNCC3)c12,28,0,6,4,2,0.3333333333333333
CN(C)CCCn1c2ccc(S(C)(=O)=O)cc2c(=N)c2c(=N)n3ccccc3nc21,30,0,4,4,5,0.2857142857142857
NS(=O)(=O)c1ccc2c(c1)c(=O)c1cnc(N3CCNCC3)nc1n2CCN1CCOCC1,33,0,5,3,5,0.47619047619047616
COC(=O)c1ccc2c(c1)c(=N)c1c(N3CCNCC3)ncnc1n2CCN1CCOCC1,33,0,5,3,5,0.4782608695652174
N=c1c(-c2ccc3nccnc3c2)cc2c(N)ncnc2n1CCN1CCCCC1,30,0,5,4,4,0.3181818181818182
N=c1oc2ccccc2cc1-c1cc2c(N3CCNCC3)ncnc2oc1=N,28,0,5,4,2,0.2
Cn1c(=N)c2c(N3CCNCC3)nccc2c2ccc(S(N)(=O)=O)cc21,26,0,4,3,2,0.29411764705882354
CN(C)CCn1c2nc(N3CCN(C)CC3)ncc2c(=N)c2c(=N)n3cccc(C(=O)NCc4ccc(F)cc4)c3nc21,43,0,6,5,7,0.3333333333333333
COC(=O)c1ccc2c(=N)c3c(N4CCNCC4)ncnc3oc2c1Cl,26,0,4,3,2,0.29411764705882354
N=c1c2cc(C(=O)O)ccc2n(C2CC2)c2nc3n(c(=N)c12)C(CN)CC3,27,1,5,3,3,0.3684210526315789
CC(=O)c1ccc2c(c1)c(=O)c1c(=N)n(CCN3CCOCC3)c(=N)n(CCN3CCOCC3)c1n2C,37,0,5,3,7,0.5384615384615384
COCCCn1c(=N)n(CCN2CCN(c3cccc(C(F)(F)F)n3)CC2)c(=N)c2c(=O)n3cccc(C)c3nc21,41,0,5,4,8,0.4444444444444444
CCOC(=O)c1cc2cc3c(NCCN)nc(N)nc3cc2c(=N)o1,25,0,3,3,5,0.25
CCn1c2ccc(C(=O)OC)cc2c(=N)c2c(N3CCN(C)CC3)ncnc21,28,0,4,3,3,0.4
COC(=O)c1cnc2c(c1)cc(C#N)c(=N)n2C1CCNCC1,23,0,3,2,2,0.375
CN(C)CCn1cnc(=N)c2cc3cc(C(=O)O)c(=N)n(Cc4ccccc4)c3nc21,31,0,4,4,6,0.22727272727272727
N=c1c2cc(C(=O)O)ccc2oc2c(N3CCNCC3)ncc(Cl)c12,25,0,4,3,2,0.23529411764705882
CN1CCN(c2nc3cc4c(=N)ccn(CCF)c4cc3c(=N)[nH]2)CC1,26,0,4,3,3,0.3888888888888889
COC(=O)c1ccc2c(c1)oc(=N)c1c(=N)n(CCN3CCN(c4ccccn4)CC3)cnc12,34,0,5,4,5,0.2916666666666667
COc1ccc2c(=N)c3cc4c(N5CCCN(C)CC5)nccc4cc3oc2c1,29,0,5,4,2,0.30434782608695654
CC(=O)c1ccc2c(=N)c3c(NCCN4CCCCC4)ncnc3oc2c1,27,0,4,3,5,0.4
COC(=O)c1ccc2nc3ncn(CCN4CCCCC4)c(=N)c3cc2c1,27,0,4,3,4,0.4
Cn1c2ccc(C(=O)O)cc2c(=O)c2cnc(N3CCNCC3)nc21,25,0,4,3,2,0.29411764705882354
COC(=O)c1ccc2c(c1)c1c(c(=N)n2CCN2CCOCC2)c2c(c(=O)c3ccccc3n2CCN2CCOCC2)c(=N)n1C,46,0,7,5,7,0.4117647058823529
CC(=O)N=c1ccc2c(=N)[nH]c(N3CCNCC3)nc2[nH]1,21,0,3,2,1,0.38461538461538464
N=c1cc(-c2cc3c(N4CCNCC4)ncnc3[nH]c2=N)cc[nH]1,24,0,4,3,2,0.25
CN(C)CCCn1c2cc3c(=O)occc3cc2c(=N)c2cccnc21,26,0,4,4,4,0.25
N=c1[nH]c(=N)c2ccc(-c3ccnc(C(F)(F)F)c3)cc2[nH]1,22,0,3,3,1,0.07142857142857142
CN(C)CCn1c(=O)c2c(=N)n(C)c3ccc(S(N)(=O)=O)cc3c2n(C)c1=N,28,0,3,3,4,0.35294117647058826
N=c1c2cc3c(N4CCNCC4)nccc3cc2oc2cccnc12,25,0,5,4,1,0.21052631578947367
COc1cc2c(=N)c3c(N4CCNCC4)ncnc3n(C3CC3)c2cc1OC,28,0,5,3,4,0.45
CCOC(=O)C#Cc1cc2c(N3CCNCC3)ncnc2[nH]c1=N,24,0,3,2,2,0.375
CN1CCN(c2ccc(C#Cc3cc(-c4cc5cnc(N6CCN(C)CC6)nc5n(C)c4=N)c[nH]c3=N)cc2)CC1,41,0,6,4,3,0.3548387096774194
CCOC(=O)c1ccc2[nH]c(=N)c3ccc(=NCCN(C)C)[nH]c3c2c1,26,0,3,3,5,0.3157894736842105
CCN(CC)CCn1c(-c2ccccc2)nc2c(c1=N)c1c(c(=N)n(C)c(=O)n1C)c(=N)n2CC,35,0,4,4,7,0.4
CCn1c(=N)nc(N2CCNCC2)c2cc3oc(=O)c4ccccc4c3cc21,28,0,5,4,2,0.2857142857142857
CN(C)CCn1c(=N)c2cc3c(=N)n(C)c(=O)n(C)c3cc2n(C)c1=N,26,0,3,3,3,0.4117647058823529
COC(=O)c1ccc2c(c1)c(=N)c1c(N)ncnc1n2CCN1CCCCC1,28,0,4,3,4,0.4
N=c1[nH]c2cnc(N3CCNCC3)cc2c2nc(N3CCCC3)c(C(N)=O)cc12,29,0,5,3,3,0.4
COC(=O)c1cnc2c(c1)c1ccnc(N3CCN(C)CC3)c1c(=N)n2CC(F)(F)F,31,0,4,3,3,0.4
CS(=O)(=O)c1ccc2cc(C(=O)NCCN)c(=N)oc2c1,21,0,2,2,4,0.23076923076923078
Cn1c(=N)n(CCN2CCOCC2)c(=N)c2c(=N)n(CCN3CCOCC3)c3c4ccccc4ccc3c21,38,0,6,4,6,0.4642857142857143
N=c1c2cc(C(=O)O)ccc2c2c(=N)n3ccccc3nc2n1CCN1CCCCC1,31,0,5,4,4,0.30434782608695654
CN(C)CCNc1c2ccc(S(N)(=O)=O)cc2nc2c1c(=N)c1cc(Cl)ccc1n2C,31,0,4,4,5,0.23809523809523808
Cn1cnc2cc3c(cc2c1=N)c(=O)c1ccc(N2CCNCC2)nc1n3C,28,0,5,4,1,0.3
CCOC(=O)c1ccc2c(=N)c3cnn(CCN)c3nc-2n1C,23,0,3,1,4,0.3333333333333333
Cn1c2ccc(S(=O)(=O)N3CCCCC3)cc2c(=N)c2c(N3CCNCC3)ncnc21,31,0,5,3,3,0.47619047619047616
NC(=O)c1ccc2c(c1)c(=O)c1c(N3CCNCC3)ncnc1n2C1CC1,27,0,5,3,3,0.3684210526315789
CN1CCN(c2nc3cc4c(cc3c(=N)[nH]2)c(=N)n(C)c(=N)n4CCN2CCOCC2)CC1,33,0,5,3,4,0.5454545454545454
Cn1c(C(=O)NCc2ccncc2)cc2c(=N)n(CCN3CCOCC3)c3ncnc(N)c3c21,34,0,5,4,6,0.34782608695652173
CN(C)CCNc1ncc2c(=N)c3cc(S(C)(=O)=O)ccc3n(C)c2n1,26,0,3,3,5,0.35294117647058826
CC(=O)c1ccc2c(=N)c3c(NCCN)ncnc3n(C)c2c1,23,0,3,3,4,0.25
CN(C)CCn1cnc2cc3c(cc2c1=N)c(=O)n(C)c(=O)n3C,24,0,3,3,3,0.375
CCn1c2ccc(C(=O)OC)cc2c(=N)c2c(N3CCNCC3)ncnc21,27,0,4,3,3,0.3684210526315789
CN1C(=O)C2=Cn3c(N4CCNCC4)nc4c(c1c2c(=N)n4C)c3=N,25,0,5,2,1,0.375
N=c1c2oc(=O)ccc2n2c(=N)c3ccccc3nc2n1CCN1CCCCC1,29,0,5,4,3,0.3333333333333333
N=c1oc2ncn(CCN3CCCC3)c(=N)c2cc1-c1ccc2ncccc2c1,29,0,5,4,4,0.2727272727272727
CCOC(=O)c1cc2c(=N)n3c(C)nn(CCN(C)C)c3nc2n(Cc2ccccc2F)c1=N,34,0,4,4,7,0.34782608695652173
CN(C)CCCn1c(=O)n(Cc2ccc(Cl)cc2)c(=N)c2cc3cc(C(=O)O)ccc3nc21,33,0,4,4,7,0.25
Cn1c(=N)c2cc3c(=N)cc(N4CCNCC4)oc3cc2n(C)c1=N,25,0,4,3,1,0.35294117647058826
CCn1c2ccc(C(=O)O)cc2c(=O)c2cc(N3CCN(C)CC3)cnc21,27,0,4,3,3,0.35
Cc1c(C(N)=O)sc2c1c1c(cc(C(=O)NCc3ccccc3)c(=N)n1CCN(C)C)c(=N)n2CCN(C)C,39,0,4,4,10,0.35714285714285715
COC(=O)c1ccc2c(=N)n3c(NCCNC4CCCCC4)c4cc(Cl)ccc4nc3nc2c1,34,0,5,4,6,0.36
Cn1c2ccc(C(=O)O)cc2c(=O)c2c(=O)n(-c3ccc(F)cc3)c(C3CCNCC3)nc21,33,0,5,4,3,0.25
CCn1c(=N)c2cc3c(=N)[nH]c(N4CCN(C)CC4)nc3cc2n(CC)c1=N,28,0,4,3,3,0.47368421052631576
CS(=O)(=O)c1ccc2[nH]c(=N)c3cnc(N4CCNCC4)cc3c2c1,25,0,4,3,2,0.29411764705882354
CCn1c2cc(C)c(C)cc2c(=O)c2cc3cc(C(N)=O)c(=N)n(CCN4CCCC4)c3nc21,34,0,5,4,5,0.38461538461538464
Cn1c(=N)c2cc3c(=N)[nH]c(N4CCN(CCN5CCN(c6ccccc6)CC5)CC4)nc3nc2n(C)c1=O,39,0,6,4,5,0.4444444444444444
Cc1nc2cc3c(cc2c(=N)n1C)c(=N)n(CCN(C)C)c(=N)n3CC(F)(F)F,29,0,3,3,4,0.4444444444444444
CN(C)CCN(c1nc2nc3c(cc2c(=N)n1-c1ccccc1)c(=N)n(C)c(=O)n3C)C1CCCCC1,37,0,5,4,6,0.4444444444444444
N=c1[nH]c(=N)n(CCN)c2cc3[nH]c(=O)c(F)cc3cc12,21,0,3,3,2,0.15384615384615385
N#Cc1ccc(N=c2ccc3c(N4CCNCC4)ncnc3[nH]2)nc1,25,0,4,3,2,0.23529411764705882
CN(C)CCCn1c(=N)ccc2c(=N)c3oc(=O)c(C(=O)O)cc3oc21,26,0,3,3,5,0.29411764705882354
COC(=O)c1ccc2c3ccnc(N4CCN(C)CC4)c3c(=N)n(C3CC3)c2c1,29,0,5,3,3,0.4090909090909091
CN(C)CCn1cnc2cc3c(cc21)c(=N)c1cc(-n2cccc2)ccc1n3C,29,0,5,5,4,0.21739130434782608
N=c1ccn2c(N3CCNCC3)nc3cc4ccncc4cc3c2c1,25,0,5,4,1,0.21052631578947367
CCn1c(=N)c(=Cc2ccc[nH]c2=O)c(=O)n(CCCN(C)C)c1=C(C#N)C#N,29,0,2,2,6,0.35
N=c1oc2cc(CCN)ncc2c2ccc(C(N)=O)cc12,21,0,3,3,3,0.13333333333333333
Cn1cnc2cc3ncn(CC4CC5CCN4CC5)c(=N)c3cc2c1=O,26,1,6,3,2,0.47368421052631576
CCn1c2ccc(C(=O)O)cc2c(=O)c2c(=N)n(CCN(C)C)cnc21,26,0,3,3,5,0.3333333333333333
CCOC(=O)c1ccc2nc3c(cnn3CCN)c(=N)n2c1,22,0,3,3,4,0.2857142857142857
CC(=O)c1ccc2c(=N)c3c(N4CCNCC4)nccc3oc2c1,24,0,4,3,2,0.2777777777777778
CN1CCN(c2nc(N3CCC(F)(F)C3)nc3c2cc(-c2ccncc2)c(=N)n3C2CC2)CC1,34,0,6,3,4,0.5
COC(=O)c1ccc2nc3c(cc2c1)c(=N)n(Cc1ccccc1)c(=O)n3CCN(C)C,32,0,4,4,6,0.25
CCOC(=O)c1ccc2c(c1)c(=O)c1c(=N)n(CCN(CC)CC)cnc1n2CC,30,0,3,3,8,0.45454545454545453
CN(C)CCCn1c(=N)c2cc(S(=O)(=O)N(C)C)ccc2n(Cc2ccc(Cl)cc2)c1=N,32,0,3,3,8,0.36363636363636365
CCN(CC)CCn1c(N2CCNCC2)nc2c(c(=O)c3cc(S(N)(=O)=O)ccc3n2C)c1=N,34,0,4,3,7,0.5
Cn1c2ccc(S(=O)(=O)N3CCCCC3)cc2c(=N)c2c(N)nc(N3CCNCC3)nc21,32,0,5,3,3,0.47619047619047616
CN(C)CCn1c(=N)n(C)c(=N)c2cc3c(=N)n(-c4ccccc4)c(=N)n(CCN4CCOCC4)c3nc21,38,0,5,4,7,0.4230769230769231
N#Cc1cc2cc3c(=N)n4c(nc3nc2oc1=N)CCC4CN1CCCC1,27,1,5,3,2,0.42105263157894735
N=c1[nH]c2c3ccncc3ccc2c2c(=N)n(CCN3CCCCC3)ncc12,28,0,5,4,3,0.3333333333333333
CC(=O)c1ccc2c(c1)ncc1c(=N)n(CCN(C)C)cnc12,23,0,3,3,4,0.29411764705882354
CCC(C)n1cnc2cc3c(=N)n(CCN4CCOCC4)c(=N)n(CCN4CCOCC4)c3nc2c1=N,37,1,5,3,8,0.64
N=c1ccc2cc3ccc4c(c3cc2o1)CCCN4CCN1CCCC1,26,0,5,3,3,0.4090909090909091
CC(=O)c1ccc2oc3nc(NCCN4CCCC4)ncc3c(=N)c2c1,26,0,4,3,5,0.3684210526315789
CN(C)CCNc1ncnc2oc3cc(C(=O)O)ccc3c(=N)c12,24,0,3,3,5,0.25
NC(=O)c1cc2cc3c(N4CCNCC4)ncnc3nc2nc1N,24,0,4,3,2,0.26666666666666666
CN(C)CCCn1c2ccc(Cl)cc2c(=N)c2cc3c(=N)n(C)c(=O)n(C)c3nc21,30,0,4,4,4,0.3333333333333333
CN(C)CCSc1nc2c(c(=O)c3cc(C(=O)O)ccc3n2C)c(=N)n1-c1ccc(Cl)cc1,33,0,4,4,6,0.21739130434782608
CN(C)CCNc1ncn(CCN(C)C)c2nc3ccc(C(=O)Nc4ccc(C(F)(F)F)cc4)cc3c(=N)c1-2,39,0,4,2,9,0.3333333333333333
CN(C)CCn1c2c(c(=N)c3cc4cc(C(=O)O)ccc4nc31)CCCC2,27,0,4,3,4,0.38095238095238093
N=c1c2cc(C(=O)O)ccc2n(CCN)c2ncnc(N3CCNCC3)c12,27,0,4,3,4,0.3333333333333333
Cn1c(=O)oc2cc3c(=N)c4c(N5CCNCC5)ncnc4n(CCN4CCCCC4)c3nc21,34,0,6,4,4,0.5217391304347826
Cn1c(=O)c2ccccc2n2c(=O)c3c(=N)n(CCN4CCCC4)c(=N)n(CCCN4CCCCC4)c3nc12,39,0,6,4,7,0.5357142857142857
CN(C)CCn1c(N2CCCCC2)nc2c(c1=N)c(=N)n(Cc1ccccc1)c(=O)n2CC(F)(F)F,36,0,4,3,7,0.5
CN(C)CCCn1c(=N)c(-c2ccn(C)c(=O)c2)cc2c(=N)n3ccccc3nc21,30,0,4,4,5,0.2727272727272727
N=c1c2cc(C(=O)NCC(F)(F)F)ccc2n(CCN2CCOCC2)c2ncccc12,31,0,4,3,5,0.38095238095238093
COC(=O)c1ccc2c(c1)c(=N)c1cc3ncccc3cc1n2CCN,26,0,4,4,3,0.15
Cn1c(=N)c2cc3c(=N)[nH]c(N4CCOCC4)nc3nc2n(CCN2CCOCC2)c1=N,32,0,5,3,4,0.55
