smiles,validity,qed,sa,logp,lipinski
CN(C)CCn1ncc2cc3cc(C#N)c(=N)oc3nc21,True,0.7755572436188114,0.76,1.0902499999999997,5
N=c1c2c(=O)c3cc(F)ccc3n(CCN3CCOCC3)c2ncn1Cc1ccccc1F,True,0.4733439714365018,0.81,2.48937,5
N=c1oc2cc3ncsc3cc2c(=N)n1CCN1CCN(c2ccccc2)CC1,True,0.5456094548275507,0.78,2.625140000000001,5
Cc1nc2c3cc4ncccc4cc3nc(N3CCC4CCCCN4CC3)n2n1,True,0.46756594856912137,0.77,3.1987200000000016,5
CCn1c2ccc(S(C)(=O)=O)cc2c(=N)c2c(N3CCNCC3)ncnc21,True,0.6483057804972091,0.79,0.8969700000000002,5
N=c1c2cc3cnccc3nc2n(C2CC2)c2ncnc(N3CCNCC3)c12,True,0.5206681164072123,0.77,1.7516699999999996,5
CN(C)CCn1cnc2cc3c(=N)oc(=N)cc-3oc2c1=N,True,0.603626277273361,0.7,0.3271099999999993,5
CN(C)CCn1c(N2CCN(C)CC2)nc2nc3c(cc2c1=N)c(=N)n(C)c(=O)n3C,True,0.5116996871071308,0.74,-1.1059599999999956,4
Cn1c(=N)c(C(=O)c2ccc(F)cc2)cc2c(=N)n(CCN3CCCCC3)cnc21,True,0.6342906855023597,0.8,2.1897399999999996,5
N=c1c2cc(C(N)=O)ccc2oc2c(N3CCNCC3)ncnc12,True,0.5854002257807233,0.79,0.36396999999999974,5
N=c1cc(C=CC(=O)O)oc2cc(OCC3CC4CCN3C4)ncc12,True,0.805649813415829,0.57,1.87807,5
CCN(CC)CCn1cnc2cc3nc(C)n(CCN(C)C)c(=N)c3cc2c1=N,True,0.5655707123086913,0.76,1.556760000000001,5
CN(C)CCCn1c(=N)c2cc3ccc(C(=O)O)cc3nc2n(CCCN(C)C)c1=N,True,0.4502186808424815,0.78,1.5515400000000013,5
CCOC(=O)c1cc2cc3ncnc(N4CCNCC4)c3cc2oc1=N,True,0.5421848813412183,0.8,1.4417699999999998,5
CN(C)CCn1c(=N)c2cc(C(=O)Nc3cccc(Cl)c3)ccc2n(CCN(C)C)c1=O,True,0.5442884229737304,0.82,2.31137,5
N=c1c2cc3cccnc3cc2n(CCN2CCCCC2)c2ncnc(N3CCNCC3)c12,True,0.47256248200965667,0.78,2.50767,5
N=c1c2cc3oc4ccccc4c(=O)c3cc2ncn1CCN1CCCCC1,True,0.5586699865436966,0.82,3.2612700000000014,5
N=c1oc2c(cc1C(N)=O)c(=N)[nH]c1cc(N3CCNCC3)ncc12,True,0.40925519003139016,0.73,-0.22345999999999977,5
N=c1c(Cn2cccc2)c(-c2ccncc2)oc2c(N3CCNCC3)ncnc12,True,0.556247850485364,0.76,2.02367,5
COC(=O)c1ccc2nc3c(cc(-c4ccccc4)c(=N)n3CCCN(C)C)c(=N)n2c1,True,0.3628300819473936,0.79,2.6532400000000003,5
Cc1ccc(C(=O)NC2CC2)cc1Nc1ncc2cc3c(cc2n1)c(=N)[nH]c(=N)n3CCN(C)C,True,0.2634867885196367,0.76,2.3773599999999995,5
Cn1c2ccc(S(C)(=O)=O)cc2c(=N)c2c(NCCN)ncnc21,True,0.5860427914022898,0.79,0.3750699999999999,5
CCN(CC)CCn1c(=N)c2cc(C(=O)NCc3ccccc3)c(-c3ccccc3)nc2n(CCN(CC)CC)c1=N,True,0.21318833892354613,0.78,4.077340000000002,3
CCn1c(=N)c(C(=O)O)cc2c(=N)n3c(nc21)C(CN1CCCC1)OCC3,True,0.7289410156940869,0.69,0.6819400000000009,5
COC(=O)c1ccc2nc3c(cc2c1)c(=N)n(Cc1ccccc1)c(=N)n3CCN(C)C,True,0.3622333495800858,0.81,2.3464400000000003,5
Cc1nc2nc3c(cc2c(=N)n1CCN(C)C)c(=N)n(CCN(C)C)c(=N)n3CCN(C)C,True,0.3798267162930618,0.71,-0.3808699999999954,4
Cn1ccc(=N)c2c(=N)n(CCN3CCCCC3)c3nc4ccccc4nc3c21,True,0.4182982807325274,0.78,2.52104,5
N=c1c(C(N)=O)cc2c(=N)n(C3CC3)c3nc4ccccn4c(=O)c3c2n1CCN1CCCC1,True,0.3043572272065225,0.75,1.0924399999999985,5
Cc1cc(=O)oc2cc3c(NCCN4CCCCC4)ncnc3cc12,True,0.582447116719483,0.84,2.942420000000001,5
CN1CCN(c2nc3nc4cc5cccnc5cc4cc3c(=N)[nH]2)CC1,True,0.514747144485697,0.78,1.8905699999999999,5
COC(=O)c1ccc2c(c1)c(=N)c1c(=N)n3ccccc3nc1n2CCCN(C)C,True,0.39316964326825865,0.78,2.1394399999999996,5
N=c1c2c(-c3ccncc3)nn(CCN3CCCC3)c2nc2ccc(C(=O)NCc3ccccc3)cn12,True,0.36300182093544037,0.8,3.2512700000000017,5
CCOC(=O)c1cc2c(=N)[nH]c(N3CCNCC3)nc2n(CC)c1=N,True,0.5777704418444103,0.76,-0.07045999999999902,5
CN(C)CCn1cnc2cc3oc4oc(=O)ccc4c(=N)c3cc2c1=N,True,0.5420469596326076,0.73,1.4094399999999996,5
N=c1c2cc3ccccc3cc2oc2ncnc(NCCN)c12,True,0.504458999219619,0.8,2.3792699999999996,5
CCOC(=O)C=Cc1c(C)nc2c(C#N)cnn2c1N1CCN(C)CC1,True,0.6028537091224941,0.79,1.2374999999999998,5
Cc1cc(=O)oc2cc3oc(=N)c(CCN)cc3cc12,True,0.5484404659333951,0.8,1.8282899999999997,5
CC(=O)c1ccc2c(c1)c(=N)c1c(N3CCNCC3)ncnc1n2C,True,0.5425790359646135,0.8,1.2131699999999996,5
CCOC(=O)c1cc2c(=N)n3c(C)nn(CCN(C)C)c3nc2n(Cc2ccc(F)cc2)c1=N,True,0.40205601208393416,0.77,1.6785599999999994,5
CS(=O)(=O)c1ccc2[nH]c(=N)cc(-c3cnc4cnc(N5CCNCC5)cc4c3)c2c1,True,0.4547709107306424,0.78,2.07067,5
COC(=O)c1ccc2[nH]c(=N)c3cc(-c4cccnc4CN)c(=N)oc3c2c1,True,0.32062079003397836,0.76,2.18034,5
CCOC(=O)c1cc2c(=O)c3c(=O)c4ccccc4oc3n(CCCN(C)C)c2n(CC)c1=N,True,0.33260576562649935,0.77,2.6903700000000006,5
Cc1ccc(C)c(NC(=O)c2cc3c(N4CCN(C)CC4)ncnc3n(C)c2=N)c1,True,0.6962617549094928,0.83,2.06871,5
CCOC(=O)c1cc2c(=N)n3c(=O)c4cc(OC)c(OC)cc4nc3n(CCN(CC)CC)c2n(CC)c1=N,True,0.23325496584024327,0.75,2.11844,3
CN(C)CCCn1c2ccc(F)cc2c(=N)c2cc3c(=N)n(C)c(=S)n(C)c3nc21,True,0.38985507618442355,0.74,2.7989300000000013,5
N=c1c2cc(-c3cccnc3)ccc2n2c(N3CCNCC3)nnc2n1CCN1CCCC1,True,0.4883251378125792,0.78,1.7308699999999992,5
Cn1c(N2CCNCC2)nc2c(c(=O)c3cc(C(=O)O)ccc3n2C)c1=N,True,0.5490140697728024,0.79,0.012470000000000703,5
N=c1c2ccc(C(N)=O)cc2oc2ncnc(NCCN)c12,True,0.510627550251477,0.78,0.3249700000000001,5
CN(C)CCn1c2ccc(C(=O)O)cc2c(=N)c2c(=N)n(-c3ccccc3)c(N3CCN(C)CC3)nc21,True,0.3485562653049152,0.78,1.95074,4
CN(C)CCCn1c(=N)c2ccc(S(C)(=O)=O)cc2n(-c2ccccc2)c1=N,True,0.6609969830707694,0.8,1.7461399999999998,5
CCOC(=O)c1cc2c3c(=N)n4ccccc4nc3n(CCN(C)C)c(=N)c2n(C)c1=N,True,0.24544736175645215,0.74,0.9574100000000005,5
CCOC(=O)c1ccn2c(=N)c3c(=N)[nH]c(N4CCN(CC(F)(F)F)CC4)nc3nc2c1,True,0.40268898517639706,0.74,1.03054,5
CCOC(=O)c1cc2c3ncnc(NCCN4CCOCC4)c3c(=N)n(C)c2n(C)c1=N,True,0.37163551055041033,0.75,0.33974000000000176,4
CCOC(=O)c1cc2c(oc1=N)c(=N)oc1nc(N3CCNCC3)ccc12,True,0.4659739869855817,0.76,1.1192399999999996,5
Cc1nccc2c1cc1c(=N)c3cnn(CCN4CCCCC4)c3nc-1n2C,True,0.5587799025528681,0.78,2.6965900000000005,5
Cn1c(=N)n(CCN2CCOCC2)c(=N)c2cc3cc4ccccc4nc3nc21,True,0.5174298383935504,0.78,1.3673400000000002,5
CN1CCN(c2nc3cc4c(cc(C(=O)O)c(=O)n4C4CC4)cc3c(=N)[nH]2)CC1,True,0.5735588176740649,0.77,1.14217,5
CCOC(=O)c1ccc2nc3c(cnc(=N)n3CCCN(C)C)c(=N)n2c1,True,0.4922759696261097,0.77,0.7713400000000004,5
Cc1ccc(Cn2c(=N)c3cc4cccnc4nc3n(CCN)c2=N)cc1,True,0.4820544243663493,0.79,1.6603599999999996,5
N=c1oc2ncnc(N3CCNCC3)c2cc1-c1ccc2ncccc2c1,True,0.571458300297584,0.79,2.32707,5
CN(C)CCCn1c2ccc(C(=O)Nc3ccccc3)cc2c(=N)c2cc3ccccc3nc21,True,0.35734051255989435,0.83,5.026170000000004,4
CN1CCN(c2nc3cc4ncn(CCN5CCOCC5)c(=N)c4cc3c(=N)[nH]2)CC1,True,0.5075947254468304,0.75,-0.04445999999999706,5
CC(=O)c1ccc2c(c1)c(=N)n(CCN)c1nc3cnccc3c(=N)n21,True,0.28971945743539645,0.76,0.9574400000000001,5
N=c1c2ccc(C(=O)O)cc2oc2ncnc(N3CCNCC3)c12,True,0.6010805715596356,0.79,0.9632700000000001,5
CN(C)CCCn1c(=N)n(CCCN2CCN(c3ccc(C(F)(F)F)cc3)CC2)c(=N)c2nc3ccccc3nc21,True,0.30214716129935604,0.78,3.5277400000000014,4
CCOC(=O)c1ccc2nc3c(cnn3CCN3CCCCC3)c(=O)n2c1,True,0.6369961348768854,0.84,1.7068,5
COC(=O)c1cc2c(=N)c3cc(-c4ccccn4)ccc3n(C)c2n(CCN(C)C)c1=N,True,0.37529509834191405,0.77,2.50214,5
COC(=O)c1ccc2c(c1)c(=O)c1c(=N)n(CCN(C)C)cnc1n2C1CC1,True,0.5341826003128387,0.8,1.5137699999999992,5
COC(=O)c1ccc2c(c1)c(=N)c1c(=N)n3c(nc1n2CCCN(C)C)CCC3,True,0.5074170524918443,0.76,1.6344399999999997,5
N=c1[nH]cnc2cc3ncn(CCCN4CCC(F)(F)CC4)c(=N)c3cc12,True,0.6102522933248115,0.73,1.9927400000000002,5
Cn1c(=O)c2c3nc4c(cc(=O)n3c1=O)c(=N)n(c(=N)n4CCCN1CCOCC1)CC(c1ccccc1)=CC=NC=C2,True,0.34609858258074083,0.53,0.3295400000000044,3
CN(C)CCCNC(=O)c1ccc2c(c1)c(=N)c1c(N3CCCC3)ncnc1n2C1CC1,True,0.44167829285600496,0.8,2.6805700000000003,5
Cn1c(=N)c2cc(C(=O)O)c(=N)n(C)c2c2c(N3CCNCC3)nc(N3CCOCC3)nc21,True,0.38300309246367953,0.74,-0.6366599999999973,4
CCOC(=O)c1cc2c(N3CCNCC3)nc(N3CCNCC3)nc2n(CC)c1=N,True,0.5831714887178514,0.79,-0.07342999999999761,5
CN(C)CCNc1ncnc2oc3ccc(C(=O)O)cc3c(=N)c12,True,0.6085382057050819,0.8,1.52717,5
N=c1c2cc3oc(=O)[nH]c3cc2nc2n1CCNCC2,True,0.5394704504881805,0.75,0.09596999999999972,5
N=c1c2cc3ccccc3nc2n(CCN2CCOCC2)c(=N)n1CCN1CCOCC1,True,0.55136796883478,0.79,0.6143400000000012,5
Cn1c(=N)c2cc3c(=N)[nH]c(=O)n(CCN4CCCC4)c3nc2n(CCN2CCCCC2)c1=N,True,0.3809960129235343,0.73,0.037910000000002164,5
CN1CCN(c2ncnc3c2c(=O)c2cc(C(=O)NCc4ccc(F)cc4)c(=N)n(C)c2n3C2CC2)CC1,True,0.3922444856659157,0.77,1.918469999999999,4
N=c1c2cc(C(N)=O)ccc2n(CCN2CCCC2)c2cc(C(F)(F)F)ncc12,True,0.6568949030289091,0.79,2.8824700000000005,5
Cc1cc(=O)oc2cc3oc(=N)c(C#N)c(NCCN)c3cc12,True,0.49715484505852586,0.78,1.56937,5
CS(=O)(=O)c1ccc2[nH]c(=N)c3ccc(NCCN4CCCC4)nc3c2c1,True,0.5839827633439975,0.8,2.10677,5
CN(C)CCCn1c2ccc(S(=O)(=O)N3CCCCC3)cc2c(=O)c2c(=N)n3ccccc3nc21,True,0.41476433304170834,0.8,2.40817,5
CCOC(=O)c1cc2c(=N)n(CCN3CCOCC3)c3nc(C)ccc3c2n(CC)c1=N,True,0.4504711851003782,0.78,1.78716,5
CS(=O)(=O)c1ccc2c(=N)c3c(N4CCNCC4)nc4ccccc4c3oc2c1,True,0.3903955759072794,0.8,2.4267700000000003,5
N=c1c2cnc(C(=O)NCCN3CCOCC3)cc2n(CCN2CCOCC2)c(=N)n1-c1ccccc1,True,0.40048278765576667,0.78,0.18014000000000424,4
N=c1c(C(=O)c2ccc(F)nc2)cc2c(=N)n3ccccc3nc2n1CCN1CCCCC1,True,0.2798558357528405,0.77,2.498940000000001,5
N=c1c2cc3c(cc2n(CCN2CCCC2)c2ncn(CCN4CCCC4)c(=N)c12)CCCC3,True,0.5565314904761705,0.77,3.020340000000002,5
CN(C)CCNc1ncnc2cc3oc(-c4cccnc4)cc(=N)c3cc12,True,0.5319230319548919,0.8,2.8909700000000003,5
CCn1c(=N)n(CCN2CCOCC2)c(=N)c2cc3cc(F)ccc3nc21,True,0.6819916649890998,0.79,1.44114,5
N=c1c2c3ccsc3c(=N)n(CCCN)c2ncn1-c1ccccc1,True,0.5265603088423959,0.78,2.3494400000000004,5
CN(C)CCn1c(=N)n2ccnc2c2cc3c(=O)n(C)c(=O)n(C)c3cc21,True,0.5110890297405754,0.78,-0.11932999999999838,5
CCOC(=O)c1cnn2c(=N)c3cc4cc(C(=O)OC)ccc4n(CCN4CCCCC4)c3nc12,True,0.33609488522233605,0.79,2.7658700000000014,5
CN(C)CCCNC(=O)c1cc2cnc(N3CCN(C)CC3)nc2n(C2CC2)c1=N,True,0.6498858983371185,0.81,0.6789700000000016,5
CN(C)CCNc1ccc2cc3[nH]c(=N)[nH]c(=N)c3cc2n1,True,0.46316489227126667,0.75,0.9766399999999995,5
Cc1cc(=O)oc2cc3c(=N)[nH]c(N4CCN(C)CC4)nc3cc12,True,0.5184197908516285,0.79,1.2089899999999998,5
Cn1c(N2CCN(c3ccccn3)CC2)nc2ccc(S(C)(=O)=O)cc2c1=N,True,0.7118389648515763,0.82,1.1778699999999998,5
Cn1c(=N)c2cc(C(N)=O)c(=N)n(C)c2c2c(N3CCNCC3)ncnc21,True,0.42667052769115227,0.75,-1.0725599999999988,5
CCN(CC)CCCn1c2ccc(C(=O)OC)cc2c(=N)c2cc3c(cc21)n(C)c(=N)n3CCN(CC)CC,True,0.21327142930697054,0.75,3.906940000000003,3
CCN(CC)CCNc1nc(C)nc2c1c(=N)n(C)c1c2ccc(=O)n1C,True,0.6403397428542726,0.76,1.36179,5
CCn1c(=N)n(CCN(C)C)c(=N)c2cc3c(cc21)c(=N)n(CCN(C)C)c(=N)n3CCN(C)C,True,0.299083264539423,0.72,-0.17841999999999425,4
N=c1c2c(=N)n3cc(C(N)=O)ccc3nc2ncn1CCN1CCCC1,True,0.56328130055027,0.77,-0.16236000000000028,5
N=c1[nH]c(N2CCNCC2)nc2oc3cc(F)ccc3c(=O)c12,True,0.5742342983867111,0.77,0.6974699999999998,5
Cn1c(=N)c2cc3c(=N)n(-c4ccccc4)c(SCCN)nc3nc2n(C)c1=O,True,0.2587624685806898,0.76,0.6206399999999993,5
COC(=O)c1ccc2c(c1)c(=N)c1cccnc1n2CCN(C)C,True,0.5885956098603087,0.82,2.01717,5
Cn1c(=N)c2c(=N)c3cc(S(C)(=O)=O)ccc3oc2n(CCCN2CCOCC2)c1=N,True,0.48319487195539124,0.74,0.2902100000000017,5
CN(CCN1CCCCC1)c1nc2nc3c(cc2c(=N)n1C)c(=N)n(C)c(=O)n3C,True,0.5889719720541768,0.73,0.03974000000000144,5
COC(=O)c1ccc2c(c1)c(=N)c1cccnc1n2CCCN(C)C,True,0.5727453392117969,0.82,2.4072700000000005,5
N=c1ccc2c3nc(N4CCNCC4)ncc3c(=N)n(CC(F)(F)F)c2n1CCN,True,0.45051171682757446,0.71,0.27554000000000045,5
CCOC(=O)c1cc2c(=N)n3cc(C(=O)OC)ccc3nc2n(CCCN(C)C)c1=N,True,0.431365334979059,0.78,1.16294,5
N=c1c2cc3ccc(C(=O)O)cc3nc2n(CCN2CCOCC2)c(=O)n1Cc1ccc2ccccc2n1,True,0.33615110461188813,0.8,2.4575700000000005,4
CCn1c2ccc(C(C)=O)cc2c(=O)c2c(=N)n(CCN3CCOCC3)cnc21,True,0.5204777552871988,0.81,1.38537,5
COC(=O)c1ccc2c(c1)c(=O)c1c(=N)n3c(nc1n2C)CCC3CN(C)C,True,0.5436139044687854,0.72,1.2031699999999996,5
N=c1c(C(=O)NC2CCCCC2)cc2c(=N)n3ccccc3nc2n1CCCN,True,0.4926184583407342,0.79,1.6592399999999992,5
Cn1ccc(=N)c2cc3c(=N)n(CCCN4CCOCC4)c(=N)n(CCN4CCOCC4)c3nc21,True,0.404145715394079,0.73,-0.17758999999999636,4
COC(=O)c1cc2c(=N)c3c(N4CCN(C)CC4)ncnc3oc2cc1Cl,True,0.5306539390407891,0.79,2.04727,5
CN(C)CCn1cnc2cc3c(=O)c4ccc(=O)oc4oc3cc2c1=N,True,0.5571119533998449,0.76,1.2901699999999994,5
CCOC(=O)c1cc2cc3c(=N)n(CCN(CC)CC)c(N(CC)CC)nc3nc2n(CC)c1=N,True,0.3206669761233311,0.74,2.729540000000001,4
CN(C)CCCn1c2ncccc2c(=N)c2c(=N)c3cc(Cl)ccc3oc21,True,0.5306256653304038,0.76,3.499740000000002,5
Cn1c2nc(N3CCNCC3)n(Cc3ccc(Cl)cc3)c(=N)c2c(=O)c2ccc(=O)[nH]c21,True,0.40470490925481517,0.77,1.16727,5
Cc1ccc2nc3c(cc2c1)c(=N)c1c(=N)n(CCN2CCCC2)cnc1n3CCN1CCCCC1,True,0.4107041394185988,0.77,3.3882600000000016,5
CCn1c2ccc(C(=O)OC)cc2c(=N)c2c(NCCN(C)C)ncnc21,True,0.5091161498365967,0.8,1.8439699999999997,5
N=c1c2ccc(F)cc2oc2nc(N3CCNCC3)ccc12,True,0.6745489525452151,0.79,2.00917,5
CN(C)CCn1cnc2c(c1=N)c1ccc(C(=O)Nc3ccc(F)cc3)cc1c(=N)n2CCCO,True,0.29085067944279674,0.79,2.28534,5
Cc1c(C(N)=O)c(=N)n(C)c2c1c(=N)n(CCN(C)C)c1ncccc21,True,0.5913916866680341,0.76,0.45586000000000126,5
Cc1ccc(NC(=O)c2ccc3c(c2)c(=O)c2cc(N4CCN(C)CC4)c(C)nc2n3C)cc1,True,0.47716022579689865,0.84,3.7076400000000023,5
Cc1cccnc1NC(=O)c1ccc2c(c1)c(=N)c1ccc(N3CCNCC3)nc1n2C,True,0.4366546671864426,0.8,2.5712900000000003,5
Cc1cccn2c(=O)c3c(=N)n(Cc4ccccc4)c(=O)n(CCCN4CCCCC4)c3nc12,True,0.44991523581437465,0.81,2.5230900000000007,5
CN(C)CCCn1cc(-c2ccc3ncccc3c2)c(=N)c2ccc(C(F)(F)F)nc21,True,0.504250695732812,0.79,4.701470000000004,5
CSc1nc2nc3c(cc2c(=N)n1-c1ccccc1)c(=N)n(CCN1CCOCC1)c(=N)n3C,True,0.22638051691372224,0.74,1.2062100000000002,4
CCn1c(=NCc2ccc(Cl)cc2)c(C(N)=O)cc2cnc(N3CCNCC3)nc21,True,0.6476223623055561,0.79,1.714,5
CC(C)n1c(N2CCN(C)CC2)nc2c(c1=N)c1c([nH]c(=O)c(=N)n1C)c(=N)n2C,True,0.4145151206891468,0.71,-0.6740899999999956,5
CS(=O)(=O)c1ccc2nc(NCCN3CCCCC3)n3c(=N)cc(C(F)(F)F)nc3c2c1,True,0.5583960074146278,0.78,2.6820700000000004,5
N#Cc1cnc2[nH]c(=NC(=O)c3cc(C(F)(F)F)cc(S(=O)(=O)N4CCCCC4)c3)[nH]c(=N)c2c1,True,0.4968426050531136,0.74,2.1766500000000004,4
COC(=O)c1ccc2c(c1)c(=O)c1c3ccccc3oc1n2CCN(C)C,True,0.5202610123549534,0.83,3.249100000000001,5
Cc1nc2cc(S(=O)(=O)N3CCCCC3)ccc2c(=N)n1CCN1CCOCC1,True,0.7895163896247092,0.82,1.3309900000000003,5
CCOC(=O)c1cc(C(=O)OCC)c2nc3ccc(OCCN(C)C)cc3c(=N)n2c1,True,0.4349290778475054,0.81,2.26077,5
CCn1c2cc3nc(C)oc3cc2c(=N)c2c3c(c(N4CCN(C)CC4)nc21)CCCC3,True,0.49021733630855524,0.76,3.769090000000003,5
CN(C)CCCn1c2cc(C(=O)O)ccc2c(=N)c2cc(C(F)(F)F)cnc21,True,0.6527885527763749,0.8,3.337670000000001,5
CCN(CC)CCNC(=O)c1ccc2c(c1)c(=N)c1c(=N)n3c(nc1n2CC)CCC3,True,0.5084242255881651,0.76,1.9876399999999996,5
CN(C)CCNc1cnc2oc3occc(=N)c3c(=O)c2c1,True,0.7068987505679251,0.74,1.3871699999999998,5
Cn1c(=N)c(-c2ccncc2)cc2c(N3CCNCC3)nc(N3CCOCC3)nc21,True,0.6629227499524212,0.79,0.7559700000000003,5
CN(C)CCCn1ccc(=N)c2cc3ccc(C(=O)O)cc3nc21,True,0.7057075928409174,0.81,2.3188699999999995,5
CN(C)CCn1ccc(=N)c2cc3c(=N)n4c(nc3cc21)CCCC4,True,0.7164718523788547,0.75,1.8478399999999993,5
COC(=O)c1ccc2c(=N)c3c(N4CCN(C)CC4)ncnc3oc2c1,True,0.5493287173335175,0.8,1.3938699999999995,5
Cc1ccccc1-c1ccc2c(c1)c(=N)c1cc3ccccc3nc1n2CCCN,True,0.4155804852382481,0.83,5.146390000000005,4
CN(C)CCn1c2cc3ccccc3cc2c(=N)c2cc3c(=N)n(CCN)cnc3nc21,True,0.37391031621687926,0.75,2.17164,5
CN(C)CCCn1c(=O)c(-c2cc[nH]c(=O)c2)cc2c(=N)n(CCN(C)C)cnc21,True,0.5634054449479021,0.77,0.5460700000000007,5
N=c1c2c(=O)n(CCN3CCCC3)cnc2ncn1Cc1ccc(F)cc1,True,0.7373892133433042,0.82,1.35567,5
N=c1c(C(=O)O)cc2cc3ncccc3nc2n1CCCN1CCC(F)(F)CC1,True,0.6412944938714146,0.79,2.883370000000001,5
COc1ccc(-n2c(SCCN3CCCCC3)nc3c(c(=N)c4cc(C(=O)O)ccc4n3C)c2=N)cc1,True,0.1946711102951144,0.78,3.7609400000000015,4
COC(=O)c1ccc2nc3c(cc(C#N)c(=N)n3CCN3CCCCC3)c(=N)n2c1,True,0.5015087530064779,0.77,1.3921199999999998,5
CCOC(=O)c1ccc2nc3nc(N4CCN(C)CC4)n(CCN(CC)CC)c(=N)c3c(=N)n2c1,True,0.3626265277855936,0.76,0.9132400000000025,4
CCCN1CCN(c2nc3cc4c(=N)n(C)c(=O)n(C)c4cc3c(=N)[nH]2)CC1,True,0.5639312218522418,0.75,0.2442400000000019,5
N=c1c2cc(F)ccc2nc2n(CCN3CCCC3)c3ncccc3c(=N)n12,True,0.53583985883125,0.78,2.03104,5
CCOC(=O)c1cn2c(=N)c(C#N)c(NCCN(C)C)nc2n(C)c1=N,True,0.6042892862847822,0.74,-0.34637999999999897,5
NCCn1c2ccc(C(=O)c3ccccc3)cc2c2c(N3CCNCC3)ncnc21,True,0.49938523125026874,0.83,2.183799999999999,5
CN(C)c1nc(N2CCNCC2)c2cc3oc4ccc(O)cc4c(=N)c3cc2n1,True,0.4510733823969212,0.77,2.189869999999999,5
COC(=O)c1ccc2c(=N)c3c(N4CCNCC4)ncnc3oc2c1,True,0.5310359052596144,0.79,1.0516699999999997,5
CCn1c(C(=O)c2ccccc2)cc2c(=N)n(CCN3CCOCC3)cnc21,True,0.6639457672448602,0.82,1.9003699999999997,5
COc1ccc(Cn2cnc3c(c(=O)c4cc(C(=O)O)ccc4n3CCN3CCOCC3)c2=N)cc1,True,0.3803761245308865,0.81,1.9179699999999997,5
Cc1cc(=O)oc2cc3c(cc12)c1cccnc1c(=N)n3CCN1CCCCC1,True,0.3307263206576834,0.81,3.5696900000000023,5
CCn1c2ccc(C(C)=O)cc2c(=O)c2c(N3CCNCC3)nc(N3CCNCC3)nc21,True,0.4627876888510305,0.8,0.9864000000000004,5
N=c1c2cc(-c3ccncc3)ccc2ncn1CCCN1CCCCC1,True,0.7689003384523224,0.84,3.4537700000000022,5
CCOC(=O)c1ccn2c(=N)c3c(N4CCNCC4)ncnc3nc2c1,True,0.5162672486988549,0.78,0.34327000000000046,5
CC(=O)c1ccc2c(=N)c3c(NCCN(C)C)ncnc3n(C)c2c1,True,0.5468744199278673,0.8,1.7770699999999997,5
CN(C)CCCn1c2ncc(C(F)(F)F)cc2c(=O)c2cc3ccc(=O)n(C)c3nc21,True,0.46489244785992984,0.8,2.767100000000001,5
CS(=O)(=O)c1ccc2c(c1)c(=O)c1cc(F)cnc1n2CCCN1CCOCC1,True,0.5870404156131118,0.83,1.8146,5
N=c1[nH]c2cc(C(N)=O)ccc2c2cc(-c3cccnc3N3CCNCC3)ccc12,True,0.39710887021471064,0.8,2.3710699999999996,5
CCn1c(=N)c2c(N3CCN(c4ccc(F)cc4)CC3)nc(N3CCN(C)CC3)nc2n(CC)c1=N,True,0.5575358063111779,0.78,1.4490400000000012,5
Cc1nc(N2CCN(C)CC2)c2c(=N)[nH]c3ccc(S(C)(=O)=O)cc3c2n1,True,0.6379972834086864,0.79,1.0542900000000004,5
CN(C)CCn1cnc(=N)c2cc3cc(C(N)=O)c(=N)n(C4CC4)c3nc21,True,0.5621770048690671,0.75,0.3403400000000002,5
CN(C)CCn1c2ccccc2c(=O)c2cc3c(cc(C(=O)O)c(=N)n3CCF)cc21,True,0.46766663781282897,0.79,2.818170000000001,5
N=c1c2cc3c(cc2n(CCN)c2ncnc(N4CCNCC4)c12)OCO3,True,0.5651079772747087,0.77,0.1609700000000005,5
N=c1[nH]c2cc3oc(N4CCCCC4)cc(=O)c3cc2c(=N)n1CCN1CCCCC1,True,0.5619454214276464,0.75,2.5109400000000006,5
CCOC(=O)c1ccc2nc3c(c(=N)ncn3CCN3CCCCC3)c(=N)n2c1,True,0.4995524672511229,0.77,1.3055399999999997,5
CN(C)CCNc1ncnc2oc(-c3ccncc3)cc(=N)c12,True,0.7456787359242338,0.79,1.7377699999999994,5
CN(C)CCCn1c(=N)c(C(=O)c2ccccc2)cc2c(=N)n3ccccc3nc21,True,0.3847201291145858,0.8,2.4306399999999995,5
CCn1c2ccc(C(=O)O)cc2c(=O)c2c(=N)n(CCCN(C)C)cnc21,True,0.6409455680048989,0.81,1.5004699999999997,5
Cn1c(=O)c2cc3c(=N)n(CCN)c(=N)n(CCN)c3nc2n(C)c1=O,True,0.37034461696638254,0.75,-2.7352599999999976,3
N=c1c2ccc(C(=O)O)cc2n(CC(F)(F)F)c2nc(NCCN)ncc12,True,0.4986048467060608,0.78,1.6950699999999999,5
N=c1c2cc3[nH]c(=O)ccc3cc2cnn1CCN1CCCCC1,True,0.722097172344961,0.8,1.8431699999999998,5
CN1CCC(NC(=O)c2ccc(-n3c(=N)c4ccc(-c5ccc(C(F)(F)F)cc5)nc4n(CCN4CCOCC4)c3=N)cc2)CC1,True,0.28747041689857344,0.77,3.6279400000000015,4
CN(C)CCn1c(=N)c2cc3c4c(c(=O)n(C)c(=O)n4C)c(=N)n(CCN(C)C)c3nc2n(Cc2ccccc2)c1=O,True,0.19537311401286145,0.74,-0.16625999999999563,3
Cn1c(=N)c2c(=N)n(-c3ccccc3)c(=N)n(CCN3CCOCC3)c2c2ccc3ccccc3c21,True,0.3455691208552174,0.77,2.8475100000000015,5
N=c1c2ccc(=O)[nH]c2[nH]c2c1cc(C(F)(F)F)c(=N)n2CCN1CCCCC1,True,0.5013736528122391,0.73,2.27454,5
CN(C)CCn1cnc2cc3oc4ccc(C(=O)O)cc4c(=N)c3cc21,True,0.5518226380053669,0.79,2.674969999999999,5
CCOC(=O)c1cc2cc3c(=N)n(C)c(=O)n(CCCN(C)C)c3nc2n(C)c1=N,True,0.4449928664904186,0.76,0.3140400000000017,5
Cn1c2ccc(S(=O)(=O)c3ccc(F)cc3)cc2c(=N)c2c(N3CCNCC3)ncnc21,True,0.3639650229786824,0.79,1.98247,5
CCOC(=O)c1ccc2c(c1)c(=O)c1c(=N)n(CCN(C)C)cnc1n2CC,True,0.5153633862493348,0.81,1.5888699999999991,5
CN(C)CCn1c(=N)[nH]c(=N)c2cc3nc(N4CCN(C)CC4)ccc3cc21,True,0.5838547537887673,0.76,0.7899400000000028,5
N=c1[nH]c2cnc(N3CCNCC3)cc2c2[nH]c3c(c12)CCCC3,True,0.5512717324691079,0.76,1.8120699999999998,5
Cn1c2cc(F)ccc2c(=O)c2c(=N)n(CC(=O)N3CCCCC3)cnc21,True,0.6953524029382264,0.81,1.5192699999999995,5
CN1CCN(c2ncnc3c2c(=N)n(CCCN2CCOCC2)c2ccc(C(=O)O)cc32)CC1,True,0.52337030191533,0.8,1.2362700000000013,5
CN(C)CCn1c2cnccc2c(=N)c2cc3ccc(=O)oc3cc21,True,0.4608329631751492,0.79,2.336970000000001,5
CCN(CC)CCCn1c2ccc(S(=O)(=O)N(CC)CC)cc2c(=N)c2cnc(-c3ccco3)nc21,True,0.30461524012708935,0.77,4.086370000000003,3
Cn1c(=N)c(C(N)=O)cc2cc3c(=N)oc(N4CCNCC4)nc3nc21,True,0.44171156677005263,0.73,-0.8180599999999991,5
N=c1c2ccccc2n(CCN2CCCC2)c2nc(N3CCNCC3)n(Cc3ccccc3)c(=N)c12,True,0.3686220775196599,0.79,2.50364,5
N=c1c2cc(C(=O)c3ccc(C(F)(F)F)cc3)ccc2ncn1CCN1CCCC1,True,0.6452146451066609,0.83,3.8613700000000026,5
CN(C)CCCn1c(=N)c(C(=N)N)cc2cc3ccccc3nc21,True,0.38026056270768754,0.82,1.9047399999999999,5
CN(C)CCCn1c2ccc(S(=O)(=O)N3CCCCC3)cc2c2c(=N)n(CCN(C)C)cnc21,True,0.49956435672570837,0.79,2.1583700000000006,5
CN(C)CCn1c(=N)n(C)c(=N)c2cc3[nH]c4ccccc4c(=N)c3cc21,True,0.4095704575841805,0.75,1.6143100000000006,5
CN(C)CCCn1c(=N)n(-c2ccc(F)cc2)c(=N)c2cc(C(=O)Nc3ccc(F)cc3)ccc21,True,0.378025841180879,0.82,3.873140000000001,5
CCCc1nc2c(c(=O)c3cc4c(cc3n2C)OCO4)c(=N)n1CCN1CCN(c2ccc(F)cc2)CC1,True,0.3950710556104221,0.79,3.0101700000000005,4
N=c1c2cc3cc(O)ccc3nc2ncn1CCN1CCCC1,True,0.7240212705110153,0.81,1.86537,5
CCn1c(=N)c(C(=O)OC)cc2cc3c(=N)n(CCN(C)C)c(=N)n(CC)c3nc21,True,0.4047766711950812,0.74,0.618910000000001,5
CN(C)CCCn1ccc(=N)c2cc3cc(F)ccc3nc21,True,0.7527940704933056,0.81,2.7597700000000005,5
N=c1[nH]c2cnc(NCCN)cc2c2cc(-c3ccncc3)ccc12,True,0.43181250674666666,0.79,2.628170000000001,5
Cn1c(=N)c2c(NCC3CCCN3)ncnc2c2cc(C(=O)O)ccc21,True,0.5284682624938544,0.73,1.4630699999999996,5
Cn1c2ccc(S(C)(=O)=O)cc2c(=O)c2c(N3CCN(CC(F)(F)F)CC3)ncnc21,True,0.5542197159052519,0.81,1.5694999999999997,5
CCN1CCN(c2nc3ccc(C(=O)C(F)(F)F)cc3c(=N)[nH]2)CC1,True,0.8270627747801498,0.79,1.9292699999999998,5
CCOC(=O)c1cc2c(=N)n3c(nc2n(C)c1=N)CCCC3CN1CCCC1,True,0.7800627961446914,0.71,1.4836399999999992,5
CCOC(=O)c1cc2cc3c(=N)ncn(CCN(C)C)c3nc2c(=N)o1,True,0.5168404623514055,0.74,0.8747399999999999,5
N=c1c2cc3c(C(=O)c4ccccc4)c4n(c3nc2ncn1CCN1CCOCC1)CCC4,True,0.47958769394488415,0.77,2.3748700000000005,5
Cc1ccc(S(=O)(=O)c2ccc3c(c2)c(=N)c2c(N)ncnc2n3CCCN(C)C)cc1,True,0.4362280054552127,0.8,2.739090000000001,5
CCOC(=O)c1cc2cc3c(=N)n(-c4ccccc4)c(=O)n(CCN(C)C)c3nc2n(C)c1=N,True,0.33181618154050346,0.78,1.3761400000000004,5
N=C1Nc2ncnc(N3CCNCC3)c2C(=O)C1=Cc1ccccn1,True,0.7014696122761817,0.75,0.9502699999999988,5
COC(=O)c1ccc2nc3c(cc2c1)c(=N)n(C1CCCN(C)C1)c(=N)n3CCN1CCOCC1,True,0.4218835653749008,0.72,1.3354400000000002,5
CCOC(=O)c1cc2cc3oc(N4CCNCC4)nc(=N)c3cc2oc1=O,True,0.3977804122446978,0.78,0.99997,5
N=c1nc(N2CCNCC2)c2c(=N)oc3cc(C(=O)O)ccc3c2o1,True,0.5014865373430683,0.75,0.6407400000000005,5
CCOC(=O)c1cc2c(=N)n(CCCN(C)C)c(C)nc2n(C)c1=N,True,0.7546531860618145,0.78,0.7705600000000006,5
N=c1cc(N2CCCC2)oc2c1ccc1c(=O)n(CCN3CCCC3)ncc12,True,0.7040872674257092,0.79,2.3181700000000003,5
CN1CCN(c2nc3cc4c(=N)c5ccccc5n(C)c4cc3c(=N)[nH]2)CC1,True,0.44555894435781596,0.76,1.9185399999999997,5
N=c1c2ccc(F)cc2oc2ccnc(NCCN)c12,True,0.635974617658054,0.79,1.9701699999999995,5
Cc1cc(=N)oc2cc3nc(N4CCN(C)CC4)[nH]c(=N)c3cc12,True,0.5884175826258435,0.75,1.3282599999999996,5
N=c1oc2cc3cccnc3cc2c2cc3c(cc12)ncn3CCN1CCCC1,True,0.37672482116010586,0.79,4.0591700000000035,5
N=c1c2cc(C(N)=O)ccc2oc2ncnc(N3CCNCC3)c12,True,0.5854002257807231,0.79,0.36396999999999974,5
CN1CCN(c2ncnc3c2c(=N)c2cc(C(N)=O)ccc2n3C)CC1,True,0.6525790518035627,0.81,0.45167000000000024,5
CCn1c(=N)n(CCN(C)C)c(=N)c2cc3cc(C(=O)O)c(=N)n(C)c3nc21,True,0.4613717979903183,0.73,0.04761000000000265,5
CN(C)CCNc1nccc2c(=N)c3ccc(C(=O)O)cc3oc12,True,0.6208005320312995,0.8,2.1321699999999995,5
N=c1c2cc3ccc(=N)n(CCN)c3nc2n(CC(F)(F)F)c(=N)n1CCN1CCCC1,True,0.4165384644009431,0.72,0.8477099999999997,5
COC(=O)c1ccc2c(c1)c(=N)c1cc3c(=N)n(C)c(=O)n(C)c3nc1n2CCCN(C)C,True,0.348732629916564,0.76,1.0771399999999995,5
CN(C)CCn1cnc2nc3cc[nH]c(=N)c3cc2c1=N,True,0.608071674868004,0.73,0.43314,5
CCN=c1c2cc(C(=O)O)ccc2nc2n1CCCN2CCN(C)C,True,0.8888752419322862,0.79,1.4268,5
Cn1c2ccc(C(=O)c3ccc(Cl)cc3)cc2c(=N)c2c(N3CCNCC3)ncnc21,True,0.38373136414764314,0.8,2.8949700000000007,5
Cn1c(=N)c(C(N)=O)cc2c(=N)n(CCCN3CCCCC3)c3ncccc3c21,True,0.5697612110944446,0.78,1.46184,5
CCOC(=O)c1ccc2nc3c(c(=N)n2c1)n(CCN1CCCCC1)c(=N)n3CC,True,0.6028780870530518,0.78,1.7319399999999996,5
COC(=O)c1ccc2c(c1)c(=O)c1cc(C(=O)OC)cnc1n2CCN(C)C,True,0.4890041704133719,0.85,1.6844999999999997,5
CN1CCN(c2cc3c(=N)[nH]c4cc(C(N)=O)ccc4c3cn2)CC1,True,0.6086736543419852,0.8,1.0462699999999994,5
N=c1[nH]c2c(=NCCN)[nH]c3ccnc(NCCN)c3c2[nH]1,True,0.3245665253827182,0.68,-0.9182299999999985,4
CCN(CC)CCn1c(=N)c2cc(-c3ccc(C(F)(F)F)cc3)c(C(=O)OC)cc2n(Cc2ccc(C(F)(F)F)cc2)c1=N,True,0.17081296992970615,0.77,6.283040000000006,3
COc1ccc2oc3c4cnn(CCN5CCCCC5)c4n(CC(F)(F)F)c(=N)c3c2c1,True,0.49596460261952513,0.77,4.273470000000003,5
C=CCn1c(=N)c2cnc(N3CCN(C)CC3)nc2n(CC(F)(F)F)c1=N,True,0.7618225394706164,0.76,0.6918399999999998,5
CCn1c(=N)n(CCCN2CCCCC2)c(=N)c2cc(C(=O)NC3CCCCC3)ccc21,True,0.618692845083381,0.81,3.3601400000000012,5
CC(=O)c1ccc2oc3ncnc(N4CCNCC4)c3c(=N)c2c1,True,0.54760383828954,0.79,1.4676699999999996,5
Cc1nc2c(ccc(=N)n2Cc2cc(C(F)(F)F)cc(C(F)(F)F)c2)c2ncn(CCN(C)C)c12,True,0.4032459643981633,0.77,4.8213900000000045,5
CN(C)CCCn1c2ccc(S(=O)(=O)N(C)C)cc2c(=N)c2nc3ccccc3nc21,True,0.46664914321419854,0.81,2.4191700000000003,5
Cc1cc(=O)oc2cc3oc4ccnc(NCCN)c4c(=N)c3cc12,True,0.38993208201587004,0.78,2.2458899999999993,5
N=c1c2cc3c(=N)n(CCN4CCOCC4)c4ncccc4c3cc2ncn1CCN1CCOCC1,True,0.31157537521775575,0.76,1.1625400000000004,5
c1cncc(-c2ccc3ncc4c(N5CCNCC5)ncnc4c3c2)c1,True,0.5650462252295597,0.83,2.6496000000000004,5
N=c1oc(N2CCCCC2)nc2cc3c(=N)oc(N4CCNCC4)nc3cc12,True,0.5731112281608326,0.74,1.3278400000000001,5
COC(=O)c1ccc2c(c1)c(=N)c1c(N)ncnc1n2CCCN(C)C,True,0.5290443526857092,0.81,1.38447,5
CN(C)CCn1cnc2c(c(=N)c3cc(C(=O)c4ccccc4)ccc3n2CCN(C)C)c1=N,True,0.31362470208974735,0.78,2.3041400000000003,5
CC(=O)c1ccc2oc3nc(N4CCN(C)CC4)ncc3c(=N)c2c1,True,0.5668405551487391,0.8,1.8098699999999999,5
N=c1c2ccc(C(N)=O)cc2oc2ccnc(N3CCNCC3)c12,True,0.6090108560298066,0.8,0.9689699999999999,5
CN(C)CCn1c2ccccc2c(=N)c2cc3cc(C(=O)O)ccc3nc21,True,0.5480679838546951,0.82,3.081970000000001,5
CC(=O)c1cccc(-n2cnc3c(cnn3CCN)c2=N)c1,True,0.6969419531713062,0.81,0.86277,5
N=c1c2cc3cc4c(cc3nc2nc(N2CCNCC2)n1Cc1ccccc1F)OCO4,True,0.4836096092238422,0.78,2.3896699999999997,5
CN(C)CCNc1ncnc2c1cnc1ccc(C(=O)c3ccccc3)cc12,True,0.413818377518602,0.85,3.382500000000002,5
CN(C)CCSc1nc2c(c(=O)c3cc(C(=O)O)ccc3n2C)c(=N)n1-c1ccccc1,True,0.2664825220118538,0.81,2.7087700000000012,5
Cn1c2nc3ncccc3c(=O)c-2cc2c(N3CCNCC3)ncnc21,True,0.5091943080390722,0.8,0.7860999999999994,5
CN1CCN(c2nc3nc4c(cc3c(=N)n2C)c(=N)n(C)c(=O)n4C)CC1,True,0.5273421630477013,0.75,-1.1305599999999973,5
N=c1ccn(CCN2CCCCC2)c2nc3ccc(C(=O)Nc4ccccc4)cc3cc12,True,0.4653789213649536,0.83,4.407170000000003,5
Cn1c(=O)[nH]c2cc3c(=N)n(CCN4CCOCC4)c(N4CCCC4)nc3cc2c1=N,True,0.5137709956668469,0.76,0.10764000000000179,5
CN1CCN(c2nc(N3CCN(C)CC3)c3c(=O)c4cc(S(=O)(=O)N(C)C5CCCCC5)ccc4n(C)c3n2)CC1,True,0.418249042351732,0.79,1.9385000000000019,4
N=c1c(C#CCCO)cc2c(N3CCNCC3)ncnc2n1-c1ccc(F)cc1,True,0.5827269631052784,0.78,1.1825700000000001,5
CCOC(=O)c1ccc2c(=N)n(CCN3CCC(n4ncnc4C)CC3)c(=N)n(C)c2c1,True,0.5635188302198468,0.77,1.3524599999999998,5
Cn1c(=N)c2ccc(S(=O)(=O)N3CCCCC3)cc2c2c(=N)n(CCN3CCCCC3)cnc21,True,0.5417785411512879,0.78,2.1474399999999996,5
CN(C)CCn1c2cc3ncccc3cc2c(=N)c2c(N3CCNCC3)ncnc21,True,0.5043488048860408,0.78,1.58337,5
COCCCn1c(N2CCN(c3ccccn3)CC2)nc2cc3c(cc2c1=N)c(=N)n(C)c(=O)n3C,True,0.30724828713052155,0.76,0.9437400000000008,4
COC(=O)c1ccc2c(=N)c3c(N4CCN(C)CC4)nccc3[nH]c2c1,True,0.5425176390617348,0.82,1.7339699999999993,5
N=c1[nH]cccc1-c1nc2ccc(S(=O)(=O)N3CCCCC3)cc2c(=O)n1CCCN1CCOCC1,True,0.4972348329799363,0.79,1.76797,4
N=c1[nH]c2cc3ncccc3cc2c(=N)n1CCNCCn1cccc1,True,0.31444229346499875,0.75,1.5678399999999995,5
CCn1c2ccc(C(=O)OC)cc2c(=O)c2c(=N)n3cccc(N4CCNCC4)c3nc21,True,0.3755663768035089,0.79,1.49797,5
CN(C)CCn1cnc2ccc(S(=O)(=O)c3ccccc3)cc2c1=N,True,0.7573256038268106,0.84,1.91017,5
N=c1[nH]c2nc3c(cc2cc1C(N)=O)c(=N)nc(Cl)n3CCN1CCCC1,True,0.3869350513706622,0.73,0.7196399999999996,5
CCn1cc(C(N)=O)c(=N)c2cc3nc(C)n(CCN(C)C)c(=N)c3cc21,True,0.5825880755116463,0.75,0.9387600000000009,5
CCOC(=O)c1ccc2ncc3c(NCCN(C)C)ncnc3c2c1,True,0.5451304592764233,0.84,2.3282000000000007,5
N=c1c2cc(C(=O)NCc3ccccc3)c(=N)n(CCN3CCOCC3)c2nc2n1CCCC2,True,0.5150588941601594,0.79,1.3952399999999998,5
CCOC(=O)c1cc2c(=N)n(CCCN3CCOCC3)c(=S)n(C3CC3)c2n(CC(F)(F)F)c1=N,True,0.41685735573306487,0.74,2.728930000000001,4
CN(C)CCCn1c2ccc(C(=O)N3CCCCC3)cc2c(=N)c2c(=N)n3ccccc3nc21,True,0.4513506514712222,0.78,2.9789400000000006,5
N=c1ccn(-c2ccccc2)c2cc3ncn(CCN4CCCC4)c(=N)c3cc12,True,0.5309289388558137,0.79,3.0349400000000015,5
CCCn1c(N2CCN(C)CC2)nc2c(c1=N)c(=N)n1cc(-c3ccco3)nc1n2CC,True,0.49777344566594317,0.75,1.88614,5
Cn1c2ccccc2c(=O)c2c(=O)c3cc(S(=O)(=O)N4CCCCC4)ccc3n(CCCN3CCOCC3)c21,True,0.342949131592778,0.8,2.903500000000001,4
CN(C)CCN(C)c1nccc2c1c(=N)c1cc(C(=O)NCCN3CCCC3)ccc1n2C,True,0.5146147924373208,0.79,2.0293700000000006,5
N=c1c2cc(C(=O)NCCN3CCOCC3)ccc2n(CCN2CCOCC2)c2nc3n(c(=N)c12)CCCC3,True,0.38319844135550774,0.76,0.6804400000000033,4
Cn1c2cc3ncccc3cc2c(=O)c2c(=N)n(-c3cccc(F)c3)c(CCN3CCCC3)nc21,True,0.4082745426230296,0.79,3.682470000000002,5
CCOC(=O)c1ccc2nc3n(CCN)c(=N)c4cc(C(=O)OCC)ccc4n3c(=N)c2c1,True,0.2322670043520735,0.78,1.7132399999999999,5
CN(C)CCCn1c(=N)c(C(N)=O)cc2cc(S(=O)(=O)N3CCCCC3)ccc21,True,0.7051400854440479,0.83,1.3459699999999999,5
Cn1c2nc(N3CCNCC3)ncc2c(=N)c2ccc(S(C)(=O)=O)c(Cl)c21,True,0.6167207781959508,0.76,1.067470000000001,5
Cc1cc(C(=O)O)cn2c(=N)c3c(=O)n(-c4ccccc4)c(=N)n(CCCN(C)C)c3nc12,True,0.38401709320138966,0.77,1.3571599999999995,5
COC(=O)c1ccc2c(c1)c(=O)c1c(=N)n(CCN3CCCCC3)cnc1n2C,True,0.5354724983049645,0.82,1.6401699999999995,5
CN1CCN(c2nc(N3CCOCC3)c3cc4ccc(C(F)(F)F)cc4nc3n2)CC1,True,0.5774693047564672,0.82,2.7852000000000006,5
CN(C)CCn1c(=N)n(C)c(=N)c2cc3cc4c(nc3nc21)CCCC4=O,True,0.6748161338000646,0.74,0.9625400000000004,5
Cn1c(=O)sc2cc3ncn(CCN4CCCCC4)c(=N)c3cc21,True,0.7899202702978355,0.79,1.9150700000000003,5
Cn1c(=O)c2cc3ccc(=N)n(CCN4CCCCC4)c3cc2n(C)c1=O,True,0.7059808340678162,0.81,1.1572699999999996,5
CCOC(=O)c1cc2cc3c(nc2n(C)c1=N)n(CCN(CC)CC)c(=N)n1cc(-c2ccccc2)nc31,True,0.24434396146217596,0.76,3.320140000000001,4
CCN(CC)CCNc1ncnc2c1c(=N)c1cc(S(N)(=O)=O)ccc1n2C,True,0.5047142015756796,0.79,1.0020700000000005,5
CC(=O)c1cn2c(N3CCCC3)nc(N3CCN(C)CC3)nc2cc1=N,True,0.8191522213230912,0.78,0.7633700000000008,5
Cc1nc2cc(=N)c(C(N)=O)cn2c2ncn(CCN3CCCC3)c12,True,0.7284137159647871,0.77,0.6665899999999991,5
N=c1c2cc(C(=O)N3CCCCC3)ccc2ncn1CCCN1CCCCC1,True,0.8657808869791767,0.84,3.017870000000002,5
CN(C)CCSc1nc2c(c(=O)c3cc(C(=O)O)ccc3n2C)c(=N)n1Cc1ccc(F)cc1,True,0.23900600831149219,0.8,2.906970000000001,5
Cc1nc(-c2ccc3c(=N)[nH]ccc3c2)cc(N2CCN(C)CC2)n1,True,0.7532851220530506,0.8,2.1645900000000005,5
N=c1c2ccc(C(=O)O)cc2oc2ncnc(NCCN3CCCCC3)c12,True,0.5932754018613666,0.8,2.4514700000000005,5
COCCCn1c(=N)n(CCN2CCN(c3ccccc3)CC2)c(=N)c2c(=N)n3c(nc21)N(C)C(=O)C3=O,True,0.2703261974909657,0.74,-0.44698999999999467,3
N=c1c2cnc3ccc(-c4ccncc4)cc3c2ncn1CCN1CCCC1,True,0.5600832225798307,0.82,3.221770000000001,5
CC(=O)c1ccc2c(c1)c(=N)c1cccnc1n2CCCN(C)CC(F)(F)F,True,0.5150363711198555,0.8,3.7557700000000027,5
COCCCn1c(=N)n(CCN2CCOCC2)c(=N)c2cc3cc(C(=O)O)c(=N)n(CCN(C)C)c3nc21,True,0.1992774484173775,0.73,-0.140589999999994,2
CCOC(=O)c1ccc2nc3n(CCN(C)C)c(=N)c4cc(C(=O)OCC)ccc4n3c(=N)c2c1,True,0.23953038368469504,0.78,2.31614,5
CCOC(=O)c1cc2cc3c(=N)ncn(CCN(CC)CC)c3cc2oc1=N,True,0.48051244998491743,0.77,2.2599400000000003,5
CC(=O)c1ccc2c(=N)c3c(N4CCN(C)CC4)ncnc3oc2c1,True,0.5668405551487391,0.8,1.8098699999999996,5
N=c1c2ccc(C(=O)O)cc2oc2c1c(N1CCNCC1)nc1ccccc12,True,0.368274203878112,0.81,2.721470000000001,5
N=c1c2ccc(C(=O)O)cc2n(CCN2CCCC2)c2ncnc(N3CCNCC3)c12,True,0.5322260170196759,0.79,1.2675700000000003,5
CN(C)CCCn1c2ccc(S(=O)(=O)N3CCCCC3)cc2c(=N)c2cnc(N3CCN(C)CC3)nc21,True,0.4696781923342213,0.79,1.9420700000000004,4
C#CCn1c(=N)c2ccc(=O)n(C3CC3)c2c2c(N3CCN(C)CC3)nc(N3CCC(F)(F)C3)nc21,True,0.43983630068809865,0.72,1.7909699999999995,5
NC(=O)c1cc2cnc(N3CCNCC3)nc2n(C2CC2)c1=NCCN1CCC(F)(F)C1,True,0.6704252234479807,0.74,0.5164000000000011,5
CCOC(=O)c1cc2c(=O)c3c(=N)n(C)c(N4CCNCC4)nc3n(C)c2cc1N,True,0.31576861541054574,0.77,0.07317000000000207,5
Cn1c(=N)n(CCN2CCOCC2)c(=N)c2c(=N)n(CCN3CCOCC3)c3cc(F)c(F)cc3c21,True,0.4216882473440326,0.74,0.3155100000000033,4
CN(C)CCn1c(=N)n(C)c(=N)c2c(=O)c3ccc(C(=O)O)cc3n(C3CC3)c21,True,0.5537916559803759,0.76,0.8483400000000008,5
Cc1cc(=O)oc2cc3oc(N4CCN(C)CC4)cc(=N)c3cc12,True,0.5476176935299141,0.79,2.0788900000000003,5
CN(C)S(=O)(=O)c1ccc2c(=N)n(-c3nc(N)nc(N4CCNCC4)n3)c(=N)n(C)c2c1,True,0.3589244754129211,0.75,-1.6449599999999973,4
CN(C)CCCn1c(=O)c2c(=N)c3cc(F)c(F)cc3n(C)c2n(CCCN(C)C)c1=O,True,0.5274341958348928,0.77,1.3159700000000005,5
N=c1c2cc(-c3ccncc3)ccc2ncn1CCN1CCCC1,True,0.8041569099277913,0.84,2.6735700000000007,5
CCn1c(=O)nc2n(C3CC3)c3ncnc(N4CCNCC4)c3cc-2c1=N,True,0.6477800139574482,0.77,0.3366700000000008,5
Cn1c(=N)c(C#CC(=O)c2ccccc2)cc2c(NCCN)ncnc21,True,0.4831603315519872,0.78,1.0527699999999998,5
CN1CCN(c2nc3c(c(=N)c4cccnc4n3CCN3CCOCC3)c(=N)n2Cc2ccccc2)CC1,True,0.3788925474504862,0.77,1.4772400000000014,4
Cn1c2ccc(S(C)(=O)=O)cc2c(=N)c2c(=N)n(CCN3CCOCC3)cnc21,True,0.5903848032760306,0.77,0.22264000000000128,5
CN1CCN(c2nc3ccc(S(=O)(=O)c4ccc(F)cc4)cc3c(=N)[nH]2)CC1,True,0.6527076557712262,0.82,1.76607,5
COC(=O)c1ccc2c(c1)c(=O)c1c(=N)n3c(nc1n2C)CCC3CN1CCCC1,True,0.5273124732393929,0.73,1.7373699999999994,5
CN(C)CCNc1nccc2oc3cc(S(C)(=O)=O)ccc3c(=N)c12,True,0.6736874960306716,0.79,1.8374699999999997,5
CC(=O)c1ccc2nc3c(cc2c1)c(=N)ncn3CCCN,True,0.5641621894434548,0.8,1.6153699999999998,5
CN(C)CCn1c2ccc(-c3ccncc3)cc2c2c(N3CCNCC3)ncnc21,True,0.554739811857391,0.82,2.617700000000001,5
CCOC(=O)c1cc2cc3c(N4CCN(C)CC4)nc(NCCN(C)C)nc3nc2n(C)c1=N,True,0.3861371467469287,0.78,0.8979700000000024,4
CC(=O)c1ccc2c(c1)c(=N)c1cc3ccccc3nc1n2CCCN(C)C,True,0.4257641360156522,0.82,3.9764700000000026,5
CCn1c2cc(C(=O)OC)ccc2c(=N)c2c(N3CCN(C)CC3)ncnc21,True,0.5488470744739831,0.81,1.6222699999999997,5
COCCCn1c(=N)n(CC2CC3CCN2CC3)c(=N)c2cc3cc(C(=O)O)ccc3nc21,True,0.37637729159321776,0.63,2.168940000000001,5
CCOC(=O)c1ccc2c(c1)c(=N)c1cc(C(=O)OCC)cnc1n2CC,True,0.5524293972503885,0.82,3.042270000000001,5
Cc1cc(=O)oc2cc3c(cc12)c(=N)n(CCCN(C)C)c(=N)n3CCCN(C)C,True,0.43509534991567783,0.77,1.7199600000000006,5
COC(=O)c1ccc2c(=N)c3c(=N)n(CCN(C)C)cnc3n(C)c2c1,True,0.5354050348054061,0.78,0.83514,5
CN(C)CCn1c(=N)c2cc(-c3ccncc3)oc2c2c(N)ncnc21,True,0.5818301989504839,0.78,1.86277,5
CCOC(=O)c1cn(CCN2CCOCC2)c2nc3ccc(C(=O)OC)cc3cc2c1=N,True,0.4631231123377279,0.8,1.9644699999999997,5
CN(C)CCCn1cc(C(N)=O)c(=N)c2cc3ccc(=O)n(C)c3nc21,True,0.6469709280067486,0.78,0.41827,5
CCn1c(=N)c(C(=O)NCc2ccccc2)cc2c(=N)n(CCN(C)C)c3ncccc3c21,True,0.3824069991385479,0.8,2.4614399999999996,5
CCOC(=O)c1c(C)c2cc3cc(C(=O)OC)ccc3nc2n(CCCN(C)C)c1=N,True,0.4626665057002145,0.81,2.8923900000000007,5
Cn1c(=N)c2cc(S(=O)(=O)N3CCCCC3)c(=N)n(C)c2c2c(N3CCNCC3)nc(N3CCCCC3)nc21,True,0.40893781644936733,0.74,0.9934400000000021,3
COC(=O)c1ccc2c(=N)c3c(N4CCN(C)CC4)nccc3n(CC(F)(F)F)c2c1,True,0.5080236704215392,0.79,2.7696700000000005,5
Cn1c(=N)c2c(=N)[nH]c(N3CCNCC3)nc2c2cc(S(C)(=O)=O)ccc21,True,0.4534828760627381,0.75,-0.1733599999999993,5
Cn1c(=N)c(C#Cc2ccc[nH]c2=N)cc2c(N3CCNCC3)ncnc21,True,0.46029890263172757,0.72,0.06474000000000046,5
CN(C)CCn1c2ccc(C(=N)N)cc2c(=N)c2cccnc21,True,0.3872266941946107,0.8,1.5146399999999998,5
CCCn1c(=N)n(CCN2CCOCC2)c(=N)c2cc3c(=N)[nH]c(N4CCN(C)CC4)nc3nc21,True,0.35459031673236524,0.72,-0.3534899999999961,4
COC(=O)c1ccc2nc3c(cc2c1)c(=N)n(CCN(C)C)c(=N)n3-c1ccc(F)cc1,True,0.3721984726803882,0.79,2.4264400000000004,5
CCN(CC)CCn1c(N2CCN(C)CC2)nc2c(c1=N)c(=N)n(C)c1c2ccc2c3ccccc3n(C)c(=N)c21,True,0.281577240847781,0.73,2.7049100000000017,4
CC(=O)c1ccc2c(c1)c1c(NCCN(C)C)ncnc1n2CCN(C)C,True,0.6157449994192868,0.82,2.3221999999999996,5
N=c1cc(C(=O)O)oc2cc3c(N)nnc(N4CCNCC4)c3cc12,True,0.4954400191667898,0.76,0.5454700000000001,5
CN(C)CCCn1c2ccc(S(N)(=O)=O)cc2c(=N)c2c(NCCN(C)C)ncnc21,True,0.41073051062000265,0.78,0.6365700000000019,5
CCOC(=O)C#Cc1cc2c(NCCN(C)C)ncnc2oc1=N,True,0.61087233183954,0.75,0.5903699999999998,5
Cn1c2c(cc(C(=O)O)c1=N)C(=N)N(CCN1CCOCC1)c1ccc(C(=O)Nc3ccc(C(F)(F)F)cc3)cc1N2CCN1CCOCC1,True,0.2640939455853901,0.73,3.4217400000000024,4
Cc1cccn2c(=N)c3c(=N)c(C#N)cn(CCCN(C)C)c3nc12,True,0.7049053075615814,0.75,1.3797399999999997,5
N=c1c2cc3ccccc3nc2n(CCN2CCCCC2)c(=N)n1-c1ccccc1,True,0.5170695757063986,0.82,3.425040000000002,5
Cn1c2ccc(C(N)=O)cc2c(=N)c2c(N3CCNCC3)nc(N3CCNCC3)nc21,True,0.42060075523823864,0.77,-0.48092999999999786,5
CCOC(=O)c1cc2cc3c(=O)c4ccccc4n(CCCN(C)C)c3nc2n(CCN(C)C)c1=N,True,0.28628815962563603,0.79,2.67387,5
Cn1nnc2c(=N)c3cc4c(F)cnc(N5CCNCC5)c4n(C4CC4)c-3nc21,True,0.4962574147154232,0.73,1.1808699999999996,5
CCN(CC)CCNc1ncnc2cc3oc4ccc(OC)cc4c(=N)c3cc12,True,0.466440417265846,0.8,3.770970000000001,5
N=c1c2c(=O)c3cc4cccnc4cc3n(CCN3CCCCC3)c2ncn1CCN1CCOCC1,True,0.41943064955272735,0.79,2.1969700000000003,5
Cc1cc(=O)oc2cc3nc(N4CCN(CC(F)(F)F)CC4)[nH]c(=N)c3cc12,True,0.5144690594320158,0.77,2.14149,5
CCOC(=O)c1ccc2nc3c(cc(C(=O)OCC)c(=N)n3CCN(CC)CC)c(=N)n2c1,True,0.37593670937831697,0.78,1.9431399999999999,5
CCn1c(=N)c(C(=O)Nc2ccncc2)cc2c(N3CCNCC3)ncnc21,True,0.6241573496778816,0.81,0.9875699999999996,5
N=c1c2nc3cc(F)ccc3cc2ncn1CCCN,True,0.7091554473660856,0.81,1.5518699999999996,5
CCn1c(=N)n(CCN2CCN(c3ccccc3)CC2)c(=N)c2cc3ccc(=O)n(C)c3nc21,True,0.44285149030029897,0.78,1.4907399999999995,5
Cc1cc(=O)oc2cc3nc(N4CCN(c5ccccn5)CC4)n(C)c(=N)c3cc12,True,0.40826200180090005,0.8,2.18919,5
Cn1cnc2cc3c(=N)[nH]c(N4CCN5CCC4CC5)nc3cc2c1=O,True,0.6254625188355185,0.67,0.5736699999999995,5
CN(C)CCNc1ncnc2cc3occc(=N)c3cc12,True,0.7142036693742184,0.79,1.8289699999999995,5
N=c1c2cc3c(=O)[nH]cnc3cc2n(C2CC2)c(=N)n1CCN1CCN(c2ccccc2)CC1,True,0.3978771136710967,0.77,1.7953399999999993,5
CC(=O)c1ccc2c(c1)c(=N)c1cccnc1n2CCCN(C)C,True,0.5802220933896375,0.82,2.823270000000001,5
COC(=O)c1ccc2oc3ccnc(N4CCN(C)CC4)c3c(=N)c2c1,True,0.5610425856048503,0.81,1.9988699999999997,5
N=C(N)c1ccc(-n2cnc3cc(N4CCNCC4)ncc3c2=N)cc1,True,0.4079358501282754,0.79,0.593640000000001,5
CN(C)CCn1c2ccc(C(=O)c3ccccc3)cc2c2c(N3CCN(C)CC3)ncnc21,True,0.42784648520556695,0.83,3.1289000000000025,5
CN(C)CCn1cnc2c(c(=N)c3cc(C(=O)O)ccc3n2C)c1=N,True,0.6084805788491705,0.78,0.7467399999999997,5
CCOC(=O)c1cccn2c(=N)c3cc(C#N)c(=N)n(CCCN(C)C)c3nc12,True,0.48181390450887757,0.77,1.2480200000000001,5
N=c1[nH]c(N2CCN(CC(F)(F)F)CC2)nc2nc3c(cnc(=N)n3CCN3CCOCC3)cc12,True,0.43710667330711417,0.72,0.2830400000000013,5
COC(=O)c1ccc2c(c1)c(=N)c1c(=N)n(CCN(C)C)cnc1n2CCCN(C)C,True,0.41764892682875954,0.77,1.24984,5
CCn1c(=O)n(CCCN(C)C)c(=N)c2cc3c(=N)n(C)c(=O)n(C)c3cc21,True,0.6004846227486015,0.75,-0.07605999999999757,5
CN(C)CCCn1c2ccccc2c(=N)c2cc3c(cc21)c(=N)n(C)c(=O)n3C,True,0.5218708376720788,0.77,1.8955399999999998,5
CN(C)CCn1c(=N)c2cc3c(=N)c4ccccc4n(CCN(C)C)c3cc2c2ccccc21,True,0.3023179865827978,0.77,3.9845400000000035,5
CN(C)CCNC(=O)c1cc2c3ccccc3oc2n(CCCN2CCOCC2)c1=N,True,0.5755548459523507,0.81,1.88067,5
Cc1cc2c(=N)c3cc4cccnc4cc3oc2c(NCCN)n1,True,0.5040132956091806,0.77,2.687689999999999,5
CN(C)CCn1ncc2c3oc(-c4ccncc4)cc(=N)c3cnc21,True,0.6188506917143636,0.78,2.28057,5
CC(=O)c1ccc2ncc3c(N4CCNCC4)ncnc3c2c1,True,0.574765253615139,0.83,1.7902,5
CN1CCN(c2nccc3c2c(=N)n(C)c2ccc(S(C)(=O)=O)cc32)CC1,True,0.6738271936378167,0.81,1.3612699999999998,5
CCOC(=O)c1cc2c(=N)n(C)c3nc(N4CCCC4)nc(N4CCNCC4)c3c2n(C)c1=N,True,0.3803171039768257,0.75,0.6054400000000021,4
N=c1c2cc(F)ccc2n(CC2CC3CCN2CC3)c2ccc(C(N)=O)cc12,True,0.6877299867156771,0.66,2.996270000000001,5
CN(C)CCn1c(=N)c2cc3cc(C(=O)O)ccc3nc2n(-c2ccccc2)c1=N,True,0.44445820862827784,0.8,2.19894,5
CCOC(=O)c1ccc2c(=N)c3c(N4CCNCC4)ncnc3oc2c1,True,0.5421848813412183,0.8,1.4417699999999998,5
CCOC(=O)c1cccn2c(=N)c3c(=N)n(CC(F)(F)F)c(N4CCN(C)CC4)nc3nc12,True,0.4419842312275133,0.75,1.1337400000000002,5
CN(C)CCc1nc(=N)c2cc3c(=O)n(Cc4ccccc4)c(=N)n(C)c3cc2n1C,True,0.47981551148493307,0.77,1.3380399999999986,5
CCn1c(=N)c2cc3c(=N)n(CCN(C)C)c(=N)n(C)c3nc2n(C)c1=N,True,0.44657268105313724,0.7,-0.8326199999999975,5
CCOC(=O)c1cc2c(=O)c3ccc(F)cc3n(C)c2n(CCN(C)C)c1=N,True,0.536102552929313,0.8,1.8500699999999997,5
CN(C)CCn1c2cc3cccnc3cc2c(=N)c2c(=N)n(CCN3CCCC3)cnc21,True,0.458875035207515,0.76,2.1555400000000002,5
N=c1c2ccc(C(=O)O)cc2oc2c1ccc1ccnc(N3CCNCC3)c12,True,0.36827420387811194,0.79,2.72147,5
CCn1c(=N)c(C(N)=O)cc2c(=N)n(CCCN(C)C)c3ncn(CCCN(C)C)c(=N)c3c21,True,0.31564394995641976,0.73,0.253110000000002,5
CN1CCN(c2ccc3c(=N)c4cc5cccnc5cc4n(C)c3n2)CC1,True,0.5312756026494063,0.8,2.5059700000000005,5
CCOC(=O)c1cc(=N)n2c(ccc3c(N4CCN(C)CC4)nc(C)nc32)c1,True,0.5486210295202426,0.79,1.5988899999999995,5
Cn1c2ccc(S(C)(=O)=O)cc2c(=N)c2c(N3CCNCC3)ncnc21,True,0.6318260659741496,0.79,0.41406999999999955,5
N=c1c2cc(C(F)(F)F)c(=N)n(CCN3CCCCC3)c2n2cncc2n1CCN1CCCCC1,True,0.55747964677882,0.73,3.040040000000001,5
N=c1[nH]c(=N)n(CCCN2CCOCC2)c2nc3ccc(F)cc3cc12,True,0.6159122156755483,0.77,1.3379399999999997,5
COCCCn1c(=N)c2cc(S(N)(=O)=O)ccc2c2c(N)nc(N3CCN(C)CC3)nc21,True,0.3448180937892071,0.79,0.08187000000000277,5
CN(C)CCCn1c(=N)c2cc3ccc(=O)n(C)c3nc2n(CCCN(C)C)c1=N,True,0.528054678165679,0.76,0.5520400000000021,5
N=c1c2cc(C(N)=O)ccc2ncn1-c1nc2ccccc2n1CCN1CCCC1,True,0.533740678526464,0.81,2.0493699999999997,5
Cn1c2ccc(S(C)(=O)=O)cc2c(=O)c2c(=N)n(CCN3CCOCC3)cnc21,True,0.6032733464788375,0.8,0.10337000000000085,5
N=c1c2cc(C(=O)NC3CCCCC3)ccc2n2c(CCN3CCCC3)nnc2n1CCN1CCCC1,True,0.49195039288870135,0.79,2.960070000000001,4
CCOC(=O)c1ccc2c(c1)c(=N)c1cnc(N3CCCC3)nc1n2CCCN(C)C,True,0.4653749944747907,0.8,2.7925700000000013,5
Cc1cc(=O)oc2cc3ncnc(NCCN4CCCC4)c3cc12,True,0.5873082001640924,0.84,2.552320000000001,5
CS(=O)(=O)c1ccc2c(c1)c(=N)n(CCN1CCCC1)c1nc(Cl)cc(=N)n21,True,0.4909450972167009,0.76,1.4006399999999999,5
Cn1c2nc(N3CCNCC3)n(Cc3ccccc3)c(=N)c2c(=N)c2ccc(=O)[nH]c21,True,0.3664607061817368,0.76,0.6331400000000014,5
N=c1c2cc3ccncc3cc2n(C2CC2)c(=N)n1CCN,True,0.6336061560823397,0.76,1.2435399999999996,5
CCOC(=O)c1ccn2c(=N)c3ccc(N4CCNCC4)nc3nc2c1,True,0.5381938248633062,0.79,0.9482699999999997,5
Cc1nc2c(c(=N)n1-c1ccc(C(F)(F)F)cc1)c1ncn(CCN3CCCC3)c1c(=N)n2C,True,0.4802720916838428,0.76,3.0956600000000005,5
CCOC(=O)c1ccc2c(c1)c(=O)c1c(N3CCN(C)CC3)ncnc1n2CC,True,0.49290947448840916,0.84,1.8931000000000002,5
CCOC(=O)c1cc2c(=N)n(CCN(C)C)c3nc(C)n(-c4ccccc4)c(=O)c3c2n(C)c1=N,True,0.32460876124331056,0.77,1.6845599999999996,5
C=CCn1c(N2CCN(C)CC2)nc2cc3oc(=O)cc(C)c3cc2c1=N,True,0.43549338864540477,0.79,1.8683899999999998,5
CCn1ccc(=N)c2c(=N)n(CCN3CCOCC3)c3nc4ccccc4nc3c21,True,0.4015153810783606,0.77,1.8502400000000003,5
N=c1c2ccc(F)cc2oc2c1cnc1c(NCCN)nccc12,True,0.3971482071629419,0.78,2.51837,5
Cn1c(=O)c2cc3c(cc2n(C)c1=O)c(=N)n(-c1ccccc1)c(=N)n3CCN1CCOCC1,True,0.4248951474803524,0.78,0.27374000000000076,5
CCn1c2nc(N3CCN(C)CC3)n(C3CCCC3)c(=N)c2c(=O)c2ccn(C)c21,True,0.7185332772470762,0.76,2.0559699999999994,5
CC(=O)c1ccc2cc3c(=N)n(CCN(C)C)c(=N)n(CCCN(C)C)c3nc2c1,True,0.43707257979510167,0.78,1.6658400000000004,5
CCn1c(=O)ccc2cc3cc(C(=O)NCCN4CCOCC4)c(=N)n(CCCN4CCOCC4)c3nc21,True,0.3953276127571777,0.79,0.634870000000002,4
CN(C)CCn1c(=N)c2cc3c(=N)n(-c4ccccc4)c(N4CCCCC4)nc3nc2n(C)c1=N,True,0.38320204688619636,0.74,1.70401,5
CN(C)CCOc1cccc2c1c(=N)c1cc3ccoc3cc1n2C,True,0.5808541350488673,0.79,3.4975700000000014,5
N=c1[nH]c2ccnc(N3CCNCC3)c2cc1-c1ccncc1,True,0.6703039943349856,0.79,1.5139699999999998,5
Cc1cc(=O)oc2cc3nc(-c4cccnc4N4CCNCC4)[nH]c(=N)c3cc12,True,0.3574358497774928,0.77,1.9287899999999993,5
N=c1c2cc3ccc(=O)oc3cc2nc(N2CCNCC2)n1Cc1ccccc1,True,0.41517350509080553,0.81,2.080069999999999,5
CCOC(=O)c1ccc2c(c1)c(=N)c1cc(C(=O)OC)ccc1n2CCN(C)C,True,0.5124728241436914,0.83,2.798870000000001,5
N=c1c2ccc(C(N)=O)cc2oc2cc(N3CCNCC3)ncc12,True,0.6090108560298066,0.79,0.9689699999999994,5
Cn1c(=O)c2cc3cc(C(N)=O)c(=N)n(CCN4CCOCC4)c3nc2n(C)c1=N,True,0.4516726901908279,0.76,-1.3832599999999964,5
CN1CCN(c2ccc3c(=N)[nH]c4c5ccncc5ccc4c3n2)CC1,True,0.5205419769829585,0.79,2.4955700000000007,5
N=c1c2ccc(C(=O)O)cc2oc2cnn(CCN)c(=N)c12,True,0.5176350305011903,0.74,0.3983400000000003,5
N=c1[nH]c(N2CCNCC2)nc2c1c(=O)c1cc(C(=O)Nc3cccc(C(F)(F)F)c3)ccc1n2CCN1CCOCC1,True,0.25156140287044654,0.76,2.3701700000000008,4
CN(C)CCn1c2ccc(C(=O)NCc3ccccn3)cc2c2c(N3CCNCC3)ncnc21,True,0.4369726474452856,0.81,1.8806999999999996,5
N=c1c2ccc(C(F)(F)F)cc2oc2ccnc(N3CCNCC3)c12,True,0.6639424249598492,0.79,2.8888700000000007,5
N=c1c2cc(C(N)=O)ccc2oc2c(Cl)c(N3CCNCC3)ncc12,True,0.6038659173262138,0.78,1.6223699999999996,5
CN(C)CCSc1nc2c(c(=O)c3ccccc3n2C)c(=N)n1-c1ccc(C(N)=O)cc1,True,0.2666961441008987,0.81,2.1094699999999995,5
Cn1c2ccc(S(C)(=O)=O)cc2c(=N)c2cnc(N3CCNCC3)nc21,True,0.6318260659741496,0.79,0.41406999999999955,5
COC(=O)c1cc2c(=O)n3c(=O)c4ccccc4sc3nc2n(CCN2CCCC2)c1=N,True,0.3727470952135717,0.8,1.58597,5
N=c1c2c(=O)c3cc(F)ccc3n(CCN3CCCCC3)c2ncn1Cc1ccccc1F,True,0.47329188525778215,0.81,3.6430700000000025,5
CCn1c(=O)n(C)c(=O)c2cc3c(=N)n(CCN4CCCCC4)c(N4CCCCC4)nc3nc21,True,0.5704687323341203,0.78,1.4204700000000001,5
COC(=O)c1ccc2c(=N)c3ccc4ccnc(N5CCN(C)CC5)c4c3oc2c1,True,0.3150955643124905,0.8,3.152070000000002,5
CN1CCN(c2ncnc3c2cc(-c2cccc(S(C)(=O)=O)c2)c(=N)n3C)CC1,True,0.6961548088002214,0.81,1.2700699999999994,5
CCN1CCN(CCn2c(=N)c3cc4cc(C(=O)O)c(=N)n(C)c4nc3n(CC(F)(F)F)c2=N)CC1,True,0.362822757118595,0.73,0.6659100000000013,4
N=c1c2cc(C(N)=O)ccc2[nH]c2ncnc(N3CCNCC3)c12,True,0.49797019671916076,0.79,0.0990699999999996,5
CCn1c(=N)c2ccc(N3CCNCC3)nc2n2cccc12,True,0.7467815465625702,0.77,1.1979699999999998,5
CN(C)CCn1cnc2c(c(=O)c3cc(S(N)(=O)=O)ccc3n2C2CC2)c1=N,True,0.5964088236548255,0.79,0.37457000000000057,5
N=c1oc2ccnc(N3CCNCC3)c2c2ccc(=O)[nH]c12,True,0.5700869031151308,0.78,0.5583699999999997,5
CC(=O)c1ccc2c(=N)c3c(N4CCNCC4)ncnc3oc2c1,True,0.54760383828954,0.79,1.4676699999999998,5
N#Cc1c(N2CCNCC2)ncc2cc3cc(C(N)=O)ccc3nc12,True,0.6819436504291756,0.82,1.1631799999999997,5
Cn1c(=N)c2cc3cnn(CCN4CCCCC4)c3nc2c2ccc(C(=O)O)cc21,True,0.509611548996987,0.79,2.73977,5
CC(=O)c1ccc2c(=O)c3c(=N)n(Cc4cccc(F)c4)cnc3n(CCN3CCOCC3)c2c1,True,0.34181881205697295,0.8,2.5528700000000004,5
N=c1c2cc3c(cc2ncn1CCN1CCOCC1)c1ccccc1n3Cc1ccc(F)cc1,True,0.4333480754988345,0.82,4.143270000000004,5
Cn1c2ccc(C(=O)c3ccccc3)cc2c(=N)c2c(N3CCNCC3)nc(N3CCNCC3)nc21,True,0.30031593924314737,0.78,1.6511700000000002,5
N=c1c2ccc(C(=O)NCCn3cccc3)cc2n(CCN2CCOCC2)c2nc3ccccn3c(=N)c12,True,0.2903696341853521,0.76,1.9648399999999995,4
CN1C(=O)C(=O)n2c1nc1c(c2=N)c(=N)n(CCN2CCCCC2)c(=N)n1CCCN1CCOCC1,True,0.4123234023524473,0.73,-1.0974899999999943,4
CN(C)CCSc1nc2c(c(=N)c3ccc(C(=O)O)cc3n2C)c(=N)n1-c1ccccc1,True,0.23862769261318392,0.78,2.8280400000000014,5
N=c1c2cc(C(N)=O)c(=N)n(CCN)c2nc2n1CCC2,True,0.5633480680315976,0.75,-1.1994599999999997,5
CCCCn1c(N2CCN(C)CC2)nc2nc3c(cc2c1=N)c(=N)n(C)c(=O)n3C,True,0.5930471041091055,0.75,0.13254000000000188,5
N=c1c2cc3c(=N)n4ccccc4nc3cc2n(CCN2CCCC2)c2ncccc12,True,0.44923315474459813,0.77,3.0451400000000017,5
CC(=O)c1ccc2c(c1)c(=N)c1cnc(N3CCN(C)CC3)nc1n2CCCN(C)C,True,0.48415458741581835,0.8,1.97007,5
CN(C)CCn1ncc2c(oc(=N)c3[nH]c(=O)ccc32)c1=N,True,0.590061087999679,0.74,-0.008660000000000445,5
N=c1ccc2cc3c(N4CCNCC4)ncnc3cc2o1,True,0.6566708543576304,0.8,1.2650699999999995,5
Cn1c2ccc(F)cc2c(=O)c2c(=N)n(CCN3CCOCC3)c(N3CCNCC3)nc21,True,0.5643426949282752,0.79,0.24857000000000157,5
NC(=O)c1cnc2c(c1)c(=O)c1cc(N3CCNCC3)cnc1n2C1CC1,True,0.6657079802469864,0.8,0.7880999999999998,5
NCCc1nnc2c3cc4c(=O)[nH]ccc4cc3nc(N3CCCC3)n12,True,0.5389105188061817,0.8,1.220399999999999,5
CN1CCN(c2cc(=N)n3c(n2)n(CC(F)(F)F)c(=N)c2ccc(=O)n(CCN4CCCC4)c23)CC1,True,0.5003627391768961,0.73,0.8195400000000008,4
CCOC(=O)c1cc(C)c2nc(-c3cccnc3N3CCN(C)CC3)cc(=N)n2c1,True,0.6681031911656949,0.8,2.1126899999999997,5
N=c1c2cc3cc(C(=O)O)ccc3cc2ncn1CCN,True,0.6299820478966007,0.82,1.32587,5
Cn1c(=N)c2cc3c(=N)n(-c4ccccc4)c(=N)n(CCCN4CCOCC4)c3nc2n(CCN2CCOCC2)c1=N,True,0.22027651634535428,0.72,0.09258000000000438,3
CCN(CC)CCN1CCCC1Cn1cnc2c(c(=N)c3cc(C(=O)O)cnc3n2C2CC2)c1=N,True,0.4047166400445882,0.69,2.18424,5
COC(=O)c1ccc2nc3c(cc2c1)c(=N)n(Cc1ccc(OC)cc1)c(=O)n3CCCN(C)C,True,0.3105070976832065,0.82,2.625870000000001,5
CN(C)CCn1c(=N)c2cc3c(=N)n4c(nc3nc2n(CCN(C)C)c1=N)CCC4,True,0.4833359738225113,0.71,-0.3046899999999966,5
CCOC(=O)c1cc2c(=N)n(CCN3CCCCC3)cnc2n(C)c1=N,True,0.7787758672398025,0.79,0.9963399999999998,5
CN(C)CCCn1c(=N)n(Cc2ccc(Cl)cc2)c(=N)c2c(=N)n3ccccc3nc21,True,0.40323715753366346,0.77,2.18231,5
CC(=O)c1ccc(-n2cnc3c(c(C)nc(=O)n3CCN(C)C)c2=N)cc1,True,0.6830418283875941,0.8,1.1342899999999998,5
CCOC(=O)c1ccc2nc3oc(=N)ccc3c(NCCNC3CCCCC3)c2c1,True,0.31068850950654614,0.8,3.971370000000003,5
N=c1c2cc(C=CC(=O)C(F)(F)F)c(=N)n(CCN)c2nc2n1CCC2,True,0.6970671628965082,0.72,0.8462399999999998,5
CCOC(=O)c1ccc2nc3c(ncn3CCN(C)C)c(=N)n2c1,True,0.7031391670246545,0.8,0.90177,5
COC(=O)c1ccc2c(c1)c(=N)c1cc3c(=N)n(C)cnc3nc1n2CCN(C)C,True,0.39344110722656384,0.75,1.3833399999999998,5
COC(=O)c1cnc2c(c1)c(=N)n1cc3ccc(=O)cc-3nc1n2CCN(C)C,True,0.40992248320267316,0.77,0.9766699999999997,5
N=c1c2c3ccc(C(=O)c4cc[nH]c4)cc3c(=N)n(CCN3CCOCC3)c2ncn1CCN1CCOCC1,True,0.23184862424378344,0.74,1.17344,4
N=c1c2cc3ccccc3n(CCN3CCCCC3)c-2nc2ccc(C(=O)O)cc12,True,0.508203600471787,0.83,3.9578700000000024,5
COc1ccc2nc3c4cc(C(C)=O)ccc4nc(NCCN)n3c(=N)c2c1,True,0.2788082667405237,0.81,2.096969999999999,5
CCOC(=O)c1ccc2nc(N3CCN(C)CC3)c3c(=N)n(CCN(C)C)c(C)nc3c2c1,True,0.4518832088456708,0.8,1.8624899999999998,5
CN(C)CCn1cc(C(=O)O)c(=N)c2cc3c(=O)c4cc(Cl)ccc4n(CCN(C)C)c3cc21,True,0.3955206411086516,0.78,3.063670000000002,5
COC(=O)c1cc2c(=N)n(CCN3CCOCC3)c3nc(C)nc(N)c3c2n(C)c1=N,True,0.3893243594438597,0.75,-0.10863999999999735,4
O=c1ccc2cc3c(N4CCCNCC4)nccc3cc2o1,True,0.5504139238283957,0.84,2.1409000000000002,5
CCN(CC)CCn1c(=N)c2cc3ncn(C)c(=N)c3cc2n(CCN(CC)CC)c1=N,True,0.41640568305581344,0.73,1.4515100000000019,5
CN(C)CCNc1nc(=N)oc2cc3oc(=N)ccc3cc12,True,0.6336764024488701,0.74,1.5064400000000002,5
COC(=O)c1ccc2[nH]c(=N)c3cc(C#N)c(N4CCNCC4)nc3c2c1,True,0.46659900556899025,0.78,1.26345,5
CN(C)c1ccc2c(c1)c(=N)c1c(N3CCNCC3)ncnc1n2C,True,0.6847100972956562,0.79,1.0765699999999996,5
Cn1c2nc(SCCN3CCCCC3)n(Cc3ccccc3)c(=N)c2c(=O)c2ccc(=O)[nH]c21,True,0.253237489186804,0.78,2.68227,5
CN(C)CCSc1nc2c(c(=O)c3cc(C(=O)O)ccc3n2C)c(=N)n1Cc1ccccc1,True,0.24814307250109205,0.81,2.767870000000001,5
CCCCn1c(=N)n(CCN(C)C)c(=O)c2cc3cc(C(=O)OCC)c(=N)n(C)c3nc21,True,0.4016020191272288,0.77,1.1870400000000008,5
Cn1c2ccc(C(=O)O)cc2c(=O)c2c(=N)n(Cc3ccccc3)cnc21,True,0.5464843892476362,0.84,2.1141699999999997,5
N=c1c2cc3ncccc3cc2n(CCCN)c2ncnc(N3CCNCC3)c12,True,0.4557855736913694,0.77,1.37057,5
N=c1c(C(=O)NCc2ccc(F)cc2)cc2cc3cc[nH]c3nc2n1CCN1CCCC1,True,0.43723126293522385,0.81,3.161970000000001,5
COC(=O)c1ccc2c(c1)c(=N)c1c(N3CCNCC3)ncnc1n2CCN(C)C,True,0.4754432116964324,0.79,0.8217700000000008,5
CCCn1c(=N)n(CCN2CCOCC2)c(=N)c2c3c(cnc21)CCCCC3,True,0.7714508171916181,0.78,1.8078399999999997,5
N=c1c2ccccc2oc2cc3ccnc(N4CCNCC4)c3cc12,True,0.5266321610621408,0.8,3.023270000000001,5
N=c1oc2c(cc1-c1ccccc1)c(=N)[nH]c1c2cnn1CCN,True,0.4594436535348371,0.74,1.6952399999999992,5
Cn1c(=O)ccc2cc3c(=N)n(CCN4CCOCC4)c(=N)n(CCCN4CCOCC4)c3nc21,True,0.446911211996128,0.76,-0.29685999999999657,4
N=c1[nH]c(N2CCOCC2)nc2c1cc1c(=N)n(CCN3CCOCC3)c(=N)nc-1n2C1CCCCC1,True,0.3744859642290207,0.71,0.7781100000000023,3
CN(C)CCn1c2ccc(F)cc2c(=N)c2cc3ccc(=N)n(CCN)c3nc21,True,0.4506046790358842,0.75,1.76254,5
N=c1c(C(=O)NCCN2CCOCC2)cc2cc3c(=O)n4ccccc4nc3nc2n1CCN1CCOCC1,True,0.3200960774339426,0.78,0.07107000000000396,3
Cn1c2cnccc2c(=O)c2c(=N)n(Cc3ccccc3)c(N3CCNCC3)nc21,True,0.5038791675835153,0.8,1.2205699999999997,5
CCn1c(=N)c(C(N)=O)cc2c(=N)n(CCCN(CC(F)(F)F)CC(F)(F)F)cnc21,True,0.5287759043658614,0.74,1.7322399999999991,5
CCOC(=O)c1ccc2c(=N)n(CCN3CCCCC3)c3nc4ccccc4c(=O)n3c2c1,True,0.2896773265523637,0.81,2.9444700000000017,5
CCOC(=O)c1cc2c(=N)n3c(nc2n(C)c1=N)CCC3CN,True,0.6872383110004897,0.69,-0.04355999999999882,5
CN1CCN(c2nc3nc4nc5ccccn5c(=O)c4cc3c(=N)[nH]2)CC1,True,0.4734224074679264,0.77,0.35026999999999975,5
CCOC(=O)c1cnc2c(c1)c(=O)c1c(=N)n3c(nc1n2CCCN(C)C)CCCCC3,True,0.4665555640829257,0.78,2.080469999999999,5
COC(=O)c1ccc2nc3ncc(C(=O)N4CCCC4)cn3c(=N)c2c1,True,0.5552615631768196,0.82,1.3845699999999999,5
CS(=O)(=O)c1ccc2nc(N3CCN(c4ccccn4)CC3)[nH]c(=N)c2c1,True,0.7020896940274404,0.81,1.16747,5
N=c1[nH]c(N2CCN(CCOc3ccc(Cl)cc3)CC2)nc2ccc(S(=O)(=O)N3CCCCC3)cc12,True,0.48613320597685483,0.81,3.071370000000001,4
CN(C)CCn1c(=O)c2cc3ccc(C(=O)O)cc3nc2n(Cc2ccccc2)c1=N,True,0.46792993236161023,0.83,2.1387699999999996,5
N=c1c2ccccc2n(CCN2CCCC2)c2c1ccc1cc(C(=O)O)ccc12,True,0.4081529685215209,0.83,4.221170000000003,5
CN1CCN(c2nc3cc4c(cc3c(=N)n2C)c(=O)n(C)c(=O)n4C)CC1,True,0.5760265174760899,0.79,-0.644829999999998,5
CCN(CC)CCSc1nc2c(c(=O)c3cc(C(=O)O)ccc3n2C)c(=N)n1-c1ccc(OC)cc1,True,0.20250243327569595,0.8,3.4975700000000014,4
COC(=O)c1cc(=N)c2cc3ncn(CCN(C)C)c(=N)c3cc2o1,True,0.5453715507234691,0.76,1.0896399999999997,5
CCOC(=O)c1ccc2nc3c(cc2c1)c(=N)n(CCCN(C)C)c(=O)n3CCCN(C)C,True,0.3713705839997,0.8,1.9107700000000005,5
N=c1[nH]c(=N)n(CCN2CCCC2)c2cc3cnn(Cc4ccc(F)cc4)c3cc12,True,0.4763836271694689,0.77,2.5612400000000006,5
CN(C)CCn1c(=N)c2c(=N)c3c(n(C)c2c2c(=N)n(C)cnc21)CCCC3,True,0.583816304812258,0.71,0.7453100000000012,5
Cc1ccc2c(=N)n(Cc3nc4ccccc4n3CCN3CCOCC3)c(=N)n(CCN3CCOCC3)c2n1,True,0.35300370378141144,0.77,1.1675600000000015,3
N=c1c2cc(C(=O)Nc3ccc(F)cc3)c(=N)n(C3CC3)c2c2cccnc2n1CCCN1CCOCC1,True,0.32765360359912205,0.78,3.3985400000000023,4
CCN(CC)CCNc1c2cc(S(=O)(=O)N(CC)CC)ccc2nc2c1c(=N)n(C)c(=N)n2C,True,0.37569885489174903,0.76,1.8081400000000003,5
N=c1c2cnc3ccc(C(=O)c4ccccc4)cc3c2nc2n1CCNCC2,True,0.41989609979985254,0.8,2.440670000000001,5
Cn1c2cc3cccnc3cc2c(=O)c2c(N3CCNCC3)ncnc21,True,0.5257665174483617,0.81,1.4394999999999998,5
Cc1ccccc1NC(=O)c1ccc2c(c1)c(=N)c1c(N)ncnc1n2CCN(C)C,True,0.43393732437126253,0.82,2.768490000000001,5
Cc1cc(-c2cc3c(N4CCNCC4)ncnc3[nH]c2=N)ccn1,True,0.6596680081621067,0.78,1.217389999999999,5
Cn1c(=O)c2cc3c(=N)n(Cc4ncccc4N)cnc3cc2n(C)c1=O,True,0.4885143569738266,0.78,0.09186999999999923,5
N=c1c2ccccc2oc2c1cnc1c2cnn1CCN,True,0.5466934865988378,0.79,1.7688699999999993,5
N=c1nc(N2CCNCC2)oc2nc3cc4cccnc4cc3cc12,True,0.5167151685355917,0.77,1.8132699999999988,5
COC(=O)c1ccc2cc3c(N4CCN(C5CCCCC5)CC4)nccc3nc2c1,True,0.48535052413214236,0.85,4.024300000000003,5
N=c1c2cc(-c3coc4ccccc4c3=O)ccc2ncn1CCN1CCOCC1,True,0.5672991109643588,0.82,2.6213699999999998,5
N=c1c2ccccc2n(CCN2CCCC2)c2nc(N3CCNCC3)n(Cc3ccc(F)cc3)c(=N)c12,True,0.35535176313378164,0.78,2.6427400000000008,4
CCN(CC)CCNc1ncnc2oc3cc(C(=O)OC)ccc3c(=N)c12,True,0.48659147073319237,0.79,2.3957699999999997,5
Cn1c2nc3ccccc3cc2c(=N)c2c(N3CCNCC3)ncnc21,True,0.5116997315337318,0.79,1.5587699999999998,5
Cc1nc2cc3c(cc2c(=O)n1C)c(=N)n(CCN1CCOCC1)c(=N)n3C,True,0.6126027760154815,0.77,-0.17373999999999823,5
N=c1c2cc(C(N)=O)ccc2oc2ccnc(-c3cncc(N4CCNCC4)c3)c12,True,0.45259378148998664,0.78,2.0309699999999995,5
N=c1c(C(N)=O)cn2c(=N)c3cc4cccnc4cc3nc2n1CCN,True,0.3804765903266201,0.75,-0.14626000000000017,5
CN1CCN(c2nc3cc4c(=N)occc4cc3c3nn(C)c(=N)n23)CC1,True,0.4836391336204964,0.74,0.6779399999999995,5
Cc1ccc(S(=O)(=O)c2ccc3c(c2)c(=O)c2c(N4CCNCC4)nc(N4CCN(C)CC4)nc2n3C)cc1,True,0.3831170926044187,0.8,1.7843199999999997,4
N=c1c2ccc(C=O)cc2n(CCN)c2ncnc(N3CCNCC3)c12,True,0.45854244555682877,0.77,0.24477000000000043,5
N=c1c2ccccc2n(CCN2CCCC2)c2nc(N3CCNCC3)n(Cc3cccc(F)c3)c(=N)c12,True,0.35535176313378164,0.78,2.6427400000000008,4
COC(=O)c1ccc2nc3c(cc2c1)c(=N)n(-c1ccc(OC)cc1)c(=N)n3CCCN(C)C,True,0.32557175986798337,0.8,2.686040000000001,5
CCn1c(=N)ccc2cc3cc(CCCN4CCCC4)c(=N)oc3cc21,True,0.6926009900778064,0.78,3.3947400000000014,5
CCNc1nc2cc3c(=N)oc4cnccc4c3cc2c(=N)n1CCN(C)C,True,0.3653542514843839,0.74,2.2830399999999997,5
N=c1c2c3c(sc2n(CCN2CCOCC2)c(=N)n1CCN1CCOCC1)CCCC3,True,0.6938509564962488,0.77,1.0064400000000007,5
Cn1c(=N)c2cc3cccnc3cc2c2c(=N)n(CCN3CCOCC3)c3ncccc3c21,True,0.3335603547369364,0.76,2.5205400000000004,5
CN(C)CCNc1cc(=N)oc2cc3[nH]c(=N)oc(=O)c3cc12,True,0.530445519378868,0.72,0.7997399999999995,5
N=c1[nH]c2ccc(-c3cc(N)ccn3)cc2c2ncnc(NCCN)c12,True,0.35525800207971764,0.78,1.6053699999999997,5
CCn1c(=N)c2sccc2c2c(=N)n3cnn(CCN(C)C)c3nc21,True,0.5762861039953111,0.72,1.24064,5
CCn1c(=O)c2cc3c(=N)[nH]c(N4CCN5CCCC5C4)nc3nc2n(CC)c1=O,True,0.5977488281912556,0.71,0.23817000000000066,5
N=c1c2cc3c(=N)n(CCN4CCOCC4)c(=N)n(CCN4CCOCC4)c3nc2ccn1CCN1CCOCC1,True,0.2894399604084929,0.73,-0.7724899999999928,3
N=c1oc2cc(O)ccc2c2cc3c(=N)ncn(CCN4CCOCC4)c3cc12,True,0.3650062507912862,0.76,1.9324399999999997,5
Cc1nc2nc3c(cc2c(=N)[nH]1)c(=N)[nH]c(=N)n3CCN,True,0.3318314572465167,0.66,-1.0537699999999992,4
Cn1c2cc3cccnc3cc2c(=O)c2c(=N)n(Cc3ccccc3)c(N3CCNCC3)nc21,True,0.411146174719019,0.79,2.3737700000000004,5
CCn1c(=N)c2cc(S(C)(=O)=O)ccc2n(CCCN2CCOCC2)c1=N,True,0.7476437775495617,0.8,0.547440000000001,5
CN1CCN(c2ccc3cc4[nH]c(=N)oc(=N)c4cc3n2)CC1,True,0.5847160807706797,0.77,1.01984,5
Cc1c(C#N)c2cc3ccc(C(=O)O)cc3nc2n(CCCN(C)C)c1=N,True,0.6775657020682897,0.8,2.49897,5
N=c1c2cccnc2n(CCN2CCCC2)c2c1ccc1cc(C(=O)O)ccc12,True,0.4145762610169821,0.81,3.616170000000002,5
CCn1c2ccc(C(N)=O)cc2c(=N)c2cnc(N3CCNCC3)nc21,True,0.5979675800337432,0.79,0.5923700000000001,5
CCN1CCN(c2nc3ccc(S(=O)(=O)N4CCCCC4)cc3c(=N)[nH]2)C(C)C1,True,0.7885414889460378,0.74,1.7473699999999994,5
N=c1c2ccccc2n(CCN2CCOCC2)c2[nH]c(=NCCN3CCCC3)c(C(N)=O)cc12,True,0.45399031090634484,0.75,1.0296700000000012,5
CN(C)CCn1c(=N)c2cc3ccc(=N)n(CCN(C)C)c3nc2n(C)c1=N,True,0.5172907352480055,0.72,-0.10888999999999721,5
N=c1ccn(CCN2CCOCC2)c2nc3ccc(C(=O)NCc4ccccc4)cc3cc12,True,0.4508992614934395,0.82,2.9311700000000007,5
N=c1c2nc3ccccc3nc2n(CCCN2CCOCC2)c(=N)n1CCCN1CCOCC1,True,0.47543459195971766,0.79,0.7895400000000012,5
CN(C)CCCn1c(=N)c(=Cc2ccco2)c(=N)n2c(=O)c3ccccc3nc12,True,0.4897036803785526,0.76,0.7005400000000005,5
CCOC(=O)c1cccn2c(=N)c3c(=N)[nH]c(N4CCN(C)CC4)nc3nc12,True,0.435542309693121,0.75,0.09804000000000102,5
CN(C)CCCn1c(=N)c(C(N)=O)cc2c(=N)n(-c3ccccc3)cnc21,True,0.6006237219778555,0.8,0.8365400000000012,5
N=c1c2cc3c(F)c(F)ccc3nc2n(CCN2CCCCC2)c(=N)n1CCN1CCCCC1,True,0.5446107207167246,0.78,3.1999400000000016,5
CN(C)CCNc1ncnc2oc(=Nc3ccccc3)c(C(N)=O)cc12,True,0.6960727000667452,0.81,1.5275999999999994,5
N=c1oc2ncnc(N3CCNCC3)c2cc1-c1ccc(S(=O)(=O)N2CCCCC2)cc1,True,0.6190489574939466,0.8,1.9534699999999998,5
N=c1ccc2cc3c(=O)n4c(nc3cc2n1CCN1CCOCC1)CCCC4,True,0.6999902615367112,0.8,1.49917,5
Cn1c(=N)c2cc3c(nc2n(C)c1=N)c(=N)n(CCN1CCOCC1)c1ccccc31,True,0.33776942879041955,0.75,0.7903100000000007,5
Cn1c(=N)c2cc(C(=O)O)ccc2c2c(=N)n(CCN3CCOCC3)c3ccccc3c21,True,0.43099089707471044,0.78,2.2755400000000003,5
CCn1c(=N)n(C)c(=N)c2c(=N)n(C)c(N3CCNCC3)nc21,True,0.5448503202697093,0.72,-1.4187899999999969,5
CN(C)CCn1c(=N)c2cc3c(=N)n4ccccc4nc3nc2n(CCN(C)C)c1=N,True,0.3862560907712684,0.72,0.20031000000000204,5
N=c1c2cc(C(F)(F)F)ccc2n(Cc2ccccc2)c2ncnc(N3CCNCC3)c12,True,0.4803571895975106,0.8,3.5406700000000013,5
N=c1[nH]c(N2CCNCC2)nc2cc3c(=N)[nH]c(N4CCOCC4)nc3cc12,True,0.38532925647517136,0.72,-0.355659999999999,5
CN(C)CCCn1cc(C(=O)NCCN(C)C)c(=N)c2cc3cc(C(=O)NCCN(C)C)ccc3nc21,True,0.31740219602804004,0.79,1.203470000000004,3
CS(=O)(=O)c1ccc2c(c1)oc(=N)c1c(SCCN)nccc12,True,0.5498420654635378,0.79,1.91477,5
COc1ccc(C(=O)c2ccc3c(c2)c(=N)c2c(N4CCNCC4)ncnc2n3C)cc1,True,0.3823811840592482,0.81,2.25017,5
COC(=O)c1cccc2c(=N)c3cc4ccccc4nc3n(CCCN(C)C)c12,True,0.41915592061655205,0.81,3.5604700000000022,5
N=c1[nH]cc(-c2cc3c(N4CCNCC4)ncnc3[nH]c2=N)cc1Cl,True,0.4696134070872274,0.72,0.9749400000000001,5
COC(=O)c1ccc2c(c1)c1cc3c(=N)c(C#N)cn(CCN(C)C)c3cc1n2C,True,0.5327509648744956,0.78,2.985550000000001,5
N=c1c2cc(S(=O)(=O)N3CCCC3)ccc2n(CCN2CCOCC2)c(=N)n1-c1ccccc1,True,0.5552789425318243,0.81,1.5076400000000005,5
N=c1c2cc(C(=O)NCc3ccc(C(F)(F)F)cc3)c(=N)n(CCCN3CCOCC3)c2nc2n1CCC2,True,0.4365172033724282,0.77,2.41404,4
CN1CCN(c2ncnc3c2c(=N)c2cc(S(C)(=O)=O)ccc2n3C2CC2)CC1,True,0.6561523154301159,0.79,1.5541699999999994,5
CN(C)CCCn1c(SCCN(C)C)nc2ccc(S(=O)(=O)N(C)C)cc2c1=N,True,0.4436787903764824,0.8,1.3714700000000017,5
COC(=O)c1ccc(-n2c(CCN3CCCC3)nc3c(c(=N)c4ccccc4n3CCN3CCCCC3)c2=N)cc1,True,0.2549235667331318,0.78,3.849940000000002,4
N=c1c2cc(C(=O)c3cccnc3)ccc2n(CCN2CCCC2)c2ncccc12,True,0.4137542165114601,0.82,3.3907700000000025,5
N=c1c2cc3ccccc3nc2n(CCN2CCCCC2)c2nc3ccccc3cc12,True,0.43480482614902494,0.82,4.856270000000005,5
Cn1c(=O)c(C(=O)O)cc2cc3c(=N)n(CCN4CCOCC4)c(=N)n(CCCN4CCOCC4)c3nc21,True,0.32892562625393873,0.75,-0.5986599999999953,3
N=c1c2cc3cnccc3cc2ncn1CCN1CCCCC1,True,0.7565882122994616,0.82,2.5498700000000003,5
Cn1c2ccc(C(=O)O)cc2c(=O)c2c(=N)n(-c3ccccc3)c(SCCN)nc21,True,0.2572895456792541,0.81,2.10587,5
N=c1c2ccccc2oc2cc3c(N4CCNCC4)ncnc3cc12,True,0.5238288782250478,0.8,2.4182700000000006,5
Cn1c(=N)c(-c2cccnc2CN)cc2cc3cccnc3nc21,True,0.5539244872512656,0.78,2.12167,5
CN1CCN(c2ncc3cc(-c4ccn(C)c(=O)c4)c(=N)n(C)c3n2)CC1,True,0.7177279873337724,0.79,0.5652699999999999,5
O=Cc1cc(=O)oc2cc3ccnc(N4CCNCC4)c3cc12,True,0.43977968014099483,0.81,1.5633,5
CCCCn1c(=O)c2ccccc2c2c(=N)n3c(C)nn(CCN(C)C)c3nc21,True,0.508876051686365,0.79,2.14849,5
CN1CCN(c2nc(N3CCCC3)c3cc4c(cc3n2)c(=N)c(C(=O)O)cn4C2CC2)CC1,True,0.5925451833475478,0.78,2.4490700000000007,5
CC(=O)c1ccc2c(c1)c1ncnc(N3CCN(C)CC3)c1c(=N)n2C,True,0.5604602883854795,0.81,1.5553699999999995,5
CCOC(=O)c1cc2cc(C(=O)OCC)c(=N)n(CCCN(CC)CC)c2n(C)c1=N,True,0.5589398127404904,0.78,2.02404,5
CN(C)CCCn1c(=N)c2cc3c(=N)n(CCCN(C)C)c(=O)n(CCCN(C)C)c3nc2n(CCCN(C)C)c1=N,True,0.20608614952289475,0.72,0.19941000000000636,2
COC(=O)c1ccc2c(c1)c(=N)c1c(N3CCN(C)CC3)ncnc1n2C,True,0.540575877945789,0.81,1.1393699999999993,5
N=c1c2cc(C(N)=O)ccc2n(C2CC2)c2cc3ncnc(N4CCNCC4)c3cc12,True,0.4451386924500076,0.78,2.0605699999999993,5
CCCn1c(=O)c(C(=O)OCC)cc2cc3c(=N)n(Cc4ccc(C)cc4)c(=N)n(CCCN4CCOCC4)c3nc21,True,0.22162737655288864,0.76,2.7773600000000007,3
N=c1c2cc(C(N)=O)ccc2n(CCCN)c2ncccc12,True,0.6269236781603162,0.82,1.1166699999999996,5
CCn1c(=N)c2c(=N)n(C)c(=O)n(C)c2c2c(=N)n(CCN(C)C)c(-c3ccccc3)nc21,True,0.39041284618379307,0.74,0.7151100000000008,5
Cc1cc2c(cc1N1CCNCC1)c(=N)[nH]c1ncc(-c3cccnc3)cc12,True,0.47401913526652895,0.79,2.9755900000000004,5
CCOC(=O)c1ccnc2c1c(=N)n(CCN(C)C)c1ccc(S(=O)(=O)N3CCCCC3)cc21,True,0.4070464590851109,0.8,2.5818700000000003,5
COC(=O)c1ccc2nc3c(cc2c1)c(=N)n(Cc1ccccn1)c(=O)n3CCN(C)C,True,0.3666363662242979,0.81,1.62217,5
CN1CCN(c2ncnc3oc4ccc(S(C)(=O)=O)cc4c(=N)c23)CC1,True,0.6687247254059426,0.8,1.0107699999999995,5
Cc1cc2c(oc(=N)c3cc(C(=O)O)ccc32)c(N2CCNCC2)n1,True,0.6166543827147462,0.79,1.8766899999999997,5
Cn1c(=N)c2cc(-c3ccccn3)ccc2n2c(N3CCNCC3)nnc12,True,0.5603774292598367,0.79,1.1720699999999993,5
CN(C)CCN(C)c1nccc2cc3c(cc12)c(=N)c1ccccc1n3C,True,0.5685613484607658,0.79,3.3569700000000013,5
CCN(CC)CCNc1c2ccc(C(=O)OC)cc2nc2c1c1ccsc1c(=N)n2C,True,0.33775528954791934,0.78,3.9609700000000023,5
CN(C)CCn1c(=O)n(C)c(=O)c2cc3c(=N)n(CCN4CCOCC4)c(=N)[nH]c3nc21,True,0.38524882796873977,0.74,-1.7692599999999947,4
CCOC(=O)c1cc(=N)c2cc3c(NCCN)nccc3nc2o1,True,0.47721178898747385,0.78,1.4027699999999996,5
CN(C)CCNc1cc2oc3ccc(S(C)(=O)=O)cc3c(=N)c2cn1,True,0.6736874960306716,0.79,1.83747,5
Cn1c(=O)ccc2cc3c(=N)c4c(N)ncnc4n(CCN4CCCC4)c3cc21,True,0.5178026662365126,0.78,1.5938699999999986,5
CCN(CC)CCn1cnc2c(c(=N)c3cc4cccnc4cc3n2C)c1=N,True,0.5251866280297071,0.76,2.3769400000000003,5
COC(=O)c1cc(=N)c2cc3cnc(=N)n(CCN(C)C)c3cc2o1,True,0.5453715507234691,0.75,1.0896399999999997,5
CN(C)CCCn1ccc(=N)c2cc3cc(C(=O)O)ccc3nc21,True,0.7057075928409176,0.81,2.3188700000000004,5
CN(C)CCCn1c(=O)n(C)c(=N)c2cc3c(=N)n(C)c(=N)n(CCN(C)C)c3nc21,True,0.4162582714042682,0.72,-1.0200899999999953,4
CCCCn1c(=O)n(CCNC2CCCCC2)c(=N)c2cc3cc(C(=O)OCC)c(=N)n(C)c3nc21,True,0.3101665085731901,0.76,2.54774,5
CN(C)CCn1c(=N)c2c(c3c(=N)n(-c4cccc(C(=O)NC5CC5)c4)cnc31)n(C)c(=O)n2C,True,0.3733817882372446,0.76,0.4301400000000015,5
CCOC(=O)c1ccc2c(c1)c(=N)c1cc(C#N)c(=N)n(CCN(C)C)c1n2C,True,0.508421115095753,0.76,1.70192,5
CCn1c(-c2cc3ccc4ncccc4c3oc2=N)nnc1C1CCCNC1,True,0.5373099561812811,0.73,3.205870000000001,5
N=c1c2cc(C(N)=O)ccc2n(C2CN3CCC2CC3)c2ncnc(N3CCNCC3)c12,True,0.5283797933572058,0.63,0.8391699999999997,5
Cc1ccc(C=c2[nH]c(=Cc3cccnc3)c(=N)[nH]c2=O)cc1O,True,0.5436534152993654,0.77,0.24908999999999998,5
CCOC(=O)c1cc2cc3c(=N)ncn(CCN(C)C)c3cc2n(C)c1=N,True,0.522393552255242,0.76,1.2252399999999994,5
Cc1ccccc1-n1c(SCCN)nc2c(c(=O)c3c[nH]c(=O)cc3n2C)c1=N,True,0.2676311185957543,0.76,1.40439,5
N=c1c2cc3nc4n(c(=O)c3cc2n(CCN2CCOCC2)c(=N)n1CCN1CCOCC1)CCCCC4,True,0.45566833127574846,0.76,0.5024400000000042,3
CN(C)CCn1c(=N)n(C)c(=N)c2cc3c(=O)c4cc(Cl)ccc4n(CCN(C)C)c3nc21,True,0.41953967872785347,0.76,1.57844,5
Cn1c(=O)c2c(=N)n(CCN3CCOCC3)c3nc4ccc(C(F)(F)F)cc4c(=O)n3c2n(C)c1=O,True,0.3100750159014263,0.76,0.030270000000000463,3
CCn1c(=NC(=O)CN2CCCC2)c(C(F)(F)F)cc2c(=N)n(CCN(C)C)c(C)nc21,True,0.7226442447223733,0.74,1.74909,5
CN(C)CCn1c2nc3ccc(C(=O)O)cc3c(=N)c-2cc2cccnc21,True,0.5444694029006528,0.81,2.4285700000000006,5
N=c1c2cc(C(=O)O)ccc2n(C2CC2)c2ncnc(N3CCNCC3)c12,True,0.6082701814733277,0.79,1.50667,5
COC(=O)c1cc2c(cc1C)c(=N)c1cccnc1n2CCCN(C)C,True,0.5660637639328305,0.81,2.7156900000000013,5
N=c1ccn(CC(F)(F)F)c2c1c(=N)n(CCN1CCOCC1)c1ncccc21,True,0.6489993189175711,0.76,1.8444399999999996,5
CN(C)CCn1c2ccc(C(N)=O)cc2c2c(N)ncnc21,True,0.7422074588734732,0.84,0.8272000000000002,5
CC(=O)c1ccc2oc3ncnc(N4CCN(C)CC4)c3c(=N)c2c1,True,0.5668405551487391,0.8,1.8098699999999999,5
Cn1c2nc(N3CCNCC3)n(Cc3ccccc3Cl)c(=N)c2c(=O)c2ccc(=O)[nH]c21,True,0.404704909254815,0.77,1.1672699999999996,5
N=c1c2cc3c(=N)n(CCN4CCCCC4)c(=O)nc-3n(CC(F)(F)F)c2nc(N2CCOCC2)n1CCN1CCCCC1,True,0.3694635287496373,0.72,1.8289400000000002,3
CCN(CC)CCNc1nc2ccc(C(=O)C(F)(F)F)cc2c(=N)[nH]1,True,0.6665670254158095,0.78,2.5410699999999995,5
COC(=O)c1ccc2nc3n(CCN(C)C)c4nc(NCCN(C)C)ccc4cc-3c(=N)c2c1,True,0.30719817576384495,0.78,2.49047,5
Cn1c2nc(=N)n(CCN3CCOCC3)c(=N)c-2cc2c1c1ccccc1n2C,True,0.5511897836150547,0.76,1.26244,5
N=c1c2nc3ccc(C(=O)O)cc3cc2ncn1CCN1CCCC1,True,0.7086371859844106,0.82,1.85797,5
COC(=O)c1cc(=N)c2cc3cc(C#N)c(=N)n(CCCN(C)C)c3cc2o1,True,0.5186834774521153,0.76,1.9564199999999998,5
CCCn1c(=N)n(Cc2ccccc2)c(=N)c2cnc(N3CCNCC3)nc21,True,0.6181974577716479,0.79,1.05964,5
CC(C)n1c(=N)c(-c2ccc3ncccc3c2)cc2cc3c(=N)[nH]c(N4CCN(C)CC4)nc3nc21,True,0.34327819058309056,0.74,3.4194400000000016,5
CN(C)CCNc1nc(N)c2c(=N)c3cc(S(=O)(=O)N4CCCCC4)ccc3n(C)c2n1,True,0.47462319729808655,0.79,1.3312700000000015,5
CN(C)CCn1cc2c(cc1=N)c(=N)c1cc(S(=O)(=O)Nc3ccccc3)ccc1n2C,True,0.39286620777716535,0.77,2.45434,5
CN(C)S(=O)(=O)c1ccc2c(c1)c(=O)c1cnc(N3CCN(CC(F)(F)F)CC3)nc1n2C,True,0.5174788132781908,0.81,1.4163000000000001,5
N=c1c2cc3cccnc3cc2nc(NCCN2CCCCC2)n1-c1ccccc1,True,0.4995680686440612,0.82,3.9509700000000025,5
N#Cc1cc2c(N3CCNCC3)nccc2oc1=NC(=O)c1ccccc1,True,0.7503376739927503,0.81,1.85018,5
CN1CCN(c2nc3c(c(=N)n2C)c(=N)n2nc(-c4ccco4)nc2n3CCN2CCOCC2)CC1,True,0.3879961803797723,0.74,-0.27955999999999603,4
Cn1c2ccnc(=N)c-2cc2c(=N)n3c(nc21)N(CCN1CCCCC1)CCC3,True,0.6616993188531828,0.74,1.529539999999999,5
CCn1c(=N)ccc2c(NCCN3CCCCC3)c3cc(C(=O)OC)ccc3nc21,True,0.4835102261935872,0.81,3.3732700000000015,5
CN(C)CCNc1nc(=N)oc2cc3c(=O)c4ccccc4oc3cc12,True,0.5492933258842512,0.79,2.5403700000000002,5
CN1CCN(c2nc3c(cc4c(=N)n(C)c(=O)nc-4n3C)c(=N)n2-c2ccccc2)CC1,True,0.44280549026264193,0.76,0.2732400000000015,5
Cc1cccn2c(=O)c3c(=N)n(CCN4CCOCC4)c(=N)n(CCN4CCOCC4)c3nc12,True,0.46610153511489233,0.77,-0.6175399999999964,4
N=c1[nH]ccc2cc3c(=N)[nH]c(N4CCNCC4)nc3cc12,True,0.41967961489243255,0.72,0.41273999999999994,5
CC(=O)c1ccc2c(c1)oc(=N)c1c(N3CCNCC3)c(C#N)c(=N)oc12,True,0.46843814349491075,0.75,1.6218199999999998,5
CS(=O)(=O)c1ccc2c(=N)c3c(N4CCNCC4)ncnc3oc2c1,True,0.6467173642889791,0.78,0.6685700000000003,5
Cn1c(NCCN2CCCCC2)nc2nc3c(ccc(=O)n3CC(F)(F)F)cc2c1=N,True,0.5999927523144595,0.76,2.222769999999999,5
CN(C)CCn1c(N2CCOCC2)nc2cc3ncn(C)c(=N)c3cc2c1=N,True,0.631731381317871,0.75,0.28014000000000217,5
CN1CCN(c2ncc3c(ccc4c(=N)n(CCN5CCOCC5)c(=N)n(C5CC5)c43)n2)CC1,True,0.5420455889704913,0.76,0.7638400000000016,5
CC(=O)c1ccc2c(=N)c3c(=N)n(C)c(N4CCNCC4)nc3oc2c1,True,0.4684937708742839,0.75,0.8906400000000003,5
CCOC(=O)c1cc2n(CCN3CCOCC3)c(=N)c3c(=N)n(CCN4CCOCC4)c(Cl)nc3n2c1,True,0.3202081208914587,0.73,0.5439400000000032,3
CC(=O)c1ccc2c(=N)n(CCCN3CCCCC3)c(=N)[nH]c2c1,True,0.733446043455266,0.8,2.00694,5
N=c1oc2cc3cc4ccncc4cc3c(NCCN)c2cc1CCN,True,0.4141884054401358,0.77,2.4854699999999994,5
COC(=O)c1ccc2c(=N)n(CCN3CCCCC3)c3nc4ccccc4c(=O)n3c2c1,True,0.3045715187199622,0.81,2.5543700000000005,5
CN(C)CCn1c2ccc(C(=O)Nc3cccc(C(F)(F)F)c3)cc2c(=N)c2cccnc21,True,0.4371705547059518,0.82,4.501670000000003,5
CN(C)CCCn1c2cc3ccc(=O)oc3cc2c(=N)c2c(N)ncnc21,True,0.42077941479605363,0.78,1.7042699999999995,5
N=c1c2cc(S(=O)(=O)N3CCCCC3)ccc2nc2n(CCN3CCCCC3)nc(-c3ccccc3)n12,True,0.4204400697300471,0.8,3.4909700000000026,4
CN1CCN(c2nccc3oc4ccc(C(=O)O)cc4c(=N)c23)CC1,True,0.693415822817737,0.81,1.9104699999999997,5
CC(=O)c1ccc2nc3c(cc2c1)c(=N)n(C(C)CN)c(=N)n3C,True,0.4967543515686272,0.71,1.2092399999999996,5
N=c1n(CCCN2CCCCC2)c(=O)c2cc(S(=O)(=O)N3CCCCC3)ccc2n1CCCN1CCCCC1,True,0.48338712483538915,0.81,3.2090700000000014,4
CN(C)CCn1c(=N)c2c(=N)c3cc(O)ccc3oc2c2cc(C(=O)O)ccc21,True,0.31343737506929004,0.77,2.46504,5
N=c1[nH]cnc2cc3c(=N)[nH]c(N4CCN(c5ccccn5)CC4)nc3cc12,True,0.39201711265840494,0.75,1.119739999999999,5
CN(C)CCCn1c(=N)c(C(N)=O)cc2cc3ccc(=O)oc3nc21,True,0.6613960695293779,0.79,0.6727700000000001,5
CC(=O)c1ccc(-n2cnc3c(NCCN)nccc3c2=N)cc1,True,0.6162662603274776,0.81,1.4731699999999999,5
CCOC(=O)c1cc2cc3c(=N)n(-c4ccc(F)cc4)c(=N)n(CCCN(C)C)c3nc2n(C)c1=N,True,0.2692796869921379,0.75,2.0246099999999996,5
N=c1c2cc(F)ccc2oc2nc(NCCN3CCCC3)ncc12,True,0.7200044016472271,0.8,2.50227,5
N=c1[nH]c(N2CCNCC2)cc2cc3c(N)ncnc3cc12,True,0.4913816740202498,0.76,0.5823700000000002,5
O=c1c2cc3cccnc3cc2n(C2CC2)c2ncnc(N3CCNCC3)c12,True,0.5440543673007062,0.8,2.237399999999999,5
CN(C)CCCn1c2ccc(S(C)(=O)=O)cc2c(=N)c2c(=N)n3ccccc3nc21,True,0.47604775732345334,0.77,1.7563399999999998,5
NS(=O)(=O)c1ccc2c(c1)c(=O)c1cnc(N3CCNCC3)nc1n2CCN1CCOCC1,True,0.4626695390215764,0.8,-0.6660999999999964,5
COC(=O)c1ccc2c(c1)c(=N)c1c(N3CCNCC3)ncnc1n2CCN1CCOCC1,True,0.42875834886645775,0.79,0.5923700000000007,5
N=c1c(-c2ccc3nccnc3c2)cc2c(N)ncnc2n1CCN1CCCCC1,True,0.5448514206479392,0.8,2.5890700000000004,5
N=c1oc2ccccc2cc1-c1cc2c(N3CCNCC3)ncnc2oc1=N,True,0.4943307050948762,0.76,2.0045399999999995,5
Cn1c(=N)c2c(N3CCNCC3)nccc2c2ccc(S(N)(=O)=O)cc21,True,0.5581021564230941,0.8,0.2629700000000009,5
CN(C)CCn1c2nc(N3CCN(C)CC3)ncc2c(=N)c2c(=N)n3cccc(C(=O)NCc4ccc(F)cc4)c3nc21,True,0.24777391657249379,0.75,1.573640000000003,3
COC(=O)c1ccc2c(=N)c3c(N4CCNCC4)ncnc3oc2c1Cl,True,0.5200620685111425,0.77,1.7050699999999999,5
N=c1c2cc(C(=O)O)ccc2n(C2CC2)c2nc3n(c(=N)c12)C(CN)CC3,True,0.5230202677399295,0.68,1.4290399999999999,5
CC(=O)c1ccc2c(c1)c(=O)c1c(=N)n(CCN3CCOCC3)c(=N)n(CCN3CCOCC3)c1n2C,True,0.344795494569509,0.76,0.1206400000000043,3
COCCCn1c(=N)n(CCN2CCN(c3cccc(C(F)(F)F)n3)CC2)c(=N)c2c(=O)n3cccc(C)c3nc21,True,0.24665789607464061,0.75,1.990560000000001,3
CCOC(=O)c1cc2cc3c(NCCN)nc(N)nc3cc2c(=N)o1,True,0.39520040173174575,0.78,0.9849699999999997,5
CCn1c2ccc(C(=O)OC)cc2c(=N)c2c(N3CCN(C)CC3)ncnc21,True,0.5488470744739831,0.81,1.6222699999999997,5
COC(=O)c1cnc2c(c1)cc(C#N)c(=N)n2C1CCNCC1,True,0.8082276969067599,0.79,1.09855,5
CN(C)CCn1cnc(=N)c2cc3cc(C(=O)O)c(=N)n(Cc4ccccc4)c3nc21,True,0.4116826981038505,0.78,1.6530399999999998,5
N=c1c2cc(C(=O)O)ccc2oc2c(N3CCNCC3)ncc(Cl)c12,True,0.606951337822032,0.78,2.2216699999999996,5
CN1CCN(c2nc3cc4c(=N)ccn(CCF)c4cc3c(=N)[nH]2)CC1,True,0.6170425824444593,0.73,1.1978399999999996,5
COC(=O)c1ccc2c(c1)oc(=N)c1c(=N)n(CCN3CCN(c4ccccn4)CC3)cnc12,True,0.34407814947882387,0.79,1.7452399999999997,5
COc1ccc2c(=N)c3cc4c(N5CCCN(C)CC5)nccc4cc3oc2c1,True,0.5297880006541432,0.81,3.7641700000000027,5
CC(=O)c1ccc2c(=N)c3c(NCCN4CCCCC4)ncnc3oc2c1,True,0.5331095137975858,0.8,2.9558700000000018,5
COC(=O)c1ccc2nc3ncn(CCN4CCCCC4)c(=N)c3cc2c1,True,0.566629370087972,0.82,2.3364700000000003,5
Cn1c2ccc(C(=O)O)cc2c(=O)c2cnc(N3CCNCC3)nc21,True,0.6591018569323087,0.83,0.5894999999999999,5
COC(=O)c1ccc2c(c1)c1c(c(=N)n2CCN2CCOCC2)c2c(c(=O)c3ccccc3n2CCN2CCOCC2)c(=N)n1C,True,0.16081696858586916,0.74,2.0110400000000013,3
CC(=O)N=c1ccc2c(=N)[nH]c(N3CCNCC3)nc2[nH]1,True,0.551187310299619,0.7,-0.772729999999999,5
N=c1cc(-c2cc3c(N4CCNCC4)ncnc3[nH]c2=N)cc[nH]1,True,0.4664726093000258,0.72,0.3215399999999999,5
CN(C)CCCn1c2cc3c(=O)occc3cc2c(=N)c2cccnc21,True,0.5755285061022545,0.78,2.7270700000000003,5
N=c1[nH]c(=N)c2ccc(-c3ccnc(C(F)(F)F)c3)cc2[nH]1,True,0.5463447083604033,0.76,2.5357399999999997,5
CN(C)CCn1c(=O)c2c(=N)n(C)c3ccc(S(N)(=O)=O)cc3c2n(C)c1=N,True,0.4783953199348419,0.76,-1.0003599999999961,5
N=c1c2cc3c(N4CCNCC4)nccc3cc2oc2cccnc12,True,0.5238288782250476,0.79,2.4182699999999997,5
COc1cc2c(=N)c3c(N4CCNCC4)ncnc3n(C3CC3)c2cc1OC,True,0.6715922487940884,0.79,1.8256699999999992,5
CCOC(=O)C#Cc1cc2c(N3CCNCC3)ncnc2[nH]c1=N,True,0.5194023926987664,0.74,-0.2384299999999996,5
CN1CCN(c2ccc(C#Cc3cc(-c4cc5cnc(N6CCN(C)CC6)nc5n(C)c4=N)c[nH]c3=N)cc2)CC1,True,0.33747499384084434,0.73,1.825740000000002,4
CCOC(=O)c1ccc2[nH]c(=N)c3ccc(=NCCN(C)C)[nH]c3c2c1,True,0.48155503891058377,0.74,1.7676700000000003,5
CCN(CC)CCn1c(-c2ccccc2)nc2c(c1=N)c1c(c(=N)n(C)c(=O)n1C)c(=N)n2CC,True,0.3508510713342976,0.74,1.4953100000000001,5
CCn1c(=N)nc(N2CCNCC2)c2cc3oc(=O)c4ccccc4c3cc21,True,0.31864004823515374,0.79,2.2048699999999997,5
CN(C)CCn1c(=N)c2cc3c(=N)n(C)c(=O)n(C)c3cc2n(C)c1=N,True,0.532237441929575,0.72,-0.8297899999999974,5
COC(=O)c1ccc2c(c1)c(=N)c1c(N)ncnc1n2CCN1CCCCC1,True,0.5284781097323717,0.81,1.91867,5
N=c1[nH]c2cnc(N3CCNCC3)cc2c2nc(N3CCCC3)c(C(N)=O)cc12,True,0.48608787764151007,0.77,0.6992700000000002,5
COC(=O)c1cnc2c(c1)c1ccnc(N3CCN(C)CC3)c1c(=N)n2CC(F)(F)F,True,0.5023165749238779,0.79,2.16467,5
CS(=O)(=O)c1ccc2cc(C(=O)NCCN)c(=N)oc2c1,True,0.7327255710365251,0.84,0.004270000000000551,5
Cn1c(=N)n(CCN2CCOCC2)c(=N)c2c(=N)n(CCN3CCOCC3)c3c4ccccc4ccc3c21,True,0.3344538878958965,0.75,1.1905100000000026,4
N=c1c2cc(C(=O)O)ccc2c2c(=N)n3ccccc3nc2n1CCN1CCCCC1,True,0.3507245744810652,0.79,2.5852400000000006,5
CN(C)CCNc1c2ccc(S(N)(=O)=O)cc2nc2c1c(=N)c1cc(Cl)ccc1n2C,True,0.39726795855368,0.79,2.633470000000001,5
Cn1cnc2cc3c(cc2c1=N)c(=O)c1ccc(N2CCNCC2)nc1n3C,True,0.48170269886888406,0.78,0.8624699999999994,5
CCOC(=O)c1ccc2c(=N)c3cnn(CCN)c3nc-2n1C,True,0.6806419610346884,0.77,0.48946999999999974,5
Cn1c2ccc(S(=O)(=O)N3CCCCC3)cc2c(=N)c2c(N3CCNCC3)ncnc21,True,0.5914195638983348,0.79,1.1851700000000005,5
NC(=O)c1ccc2c(c1)c(=O)c1c(N3CCNCC3)ncnc1n2C1CC1,True,0.6657079802469865,0.81,0.7880999999999994,5
CN1CCN(c2nc3cc4c(cc3c(=N)[nH]2)c(=N)n(C)c(=N)n4CCN2CCOCC2)CC1,True,0.3922625146296084,0.73,-0.621489999999997,5
Cn1c(C(=O)NCc2ccncc2)cc2c(=N)n(CCN3CCOCC3)c3ncnc(N)c3c21,True,0.3827731517148286,0.78,0.6418700000000016,5
CN(C)CCNc1ncc2c(=N)c3cc(S(C)(=O)=O)ccc3n(C)c2n1,True,0.6453184367563478,0.79,0.9779699999999997,5
CC(=O)c1ccc2c(=N)c3c(NCCN)ncnc3n(C)c2c1,True,0.49486192892567343,0.8,1.1741699999999997,5
CN(C)CCn1cnc2cc3c(cc2c1=N)c(=O)n(C)c(=O)n3C,True,0.6643886171599417,0.8,-0.37202999999999964,5
CCn1c2ccc(C(=O)OC)cc2c(=N)c2c(N3CCNCC3)ncnc21,True,0.5354788297469535,0.8,1.2800699999999994,5
CN1C(=O)C2=Cn3c(N4CCNCC4)nc4c(c1c2c(=N)n4C)c3=N,True,0.6220074547325692,0.56,-0.9687599999999981,5
N=c1c2oc(=O)ccc2n2c(=N)c3ccccc3nc2n1CCN1CCCCC1,True,0.4114241416282178,0.77,1.8402399999999999,5
N=c1oc2ncn(CCN3CCCC3)c(=N)c2cc1-c1ccc2ncccc2c1,True,0.5637578425403053,0.78,2.8992400000000007,5
CCOC(=O)c1cc2c(=N)n3c(C)nn(CCN(C)C)c3nc2n(Cc2ccccc2F)c1=N,True,0.40205601208393416,0.77,1.6785599999999994,5
CN(C)CCCn1c(=O)n(Cc2ccc(Cl)cc2)c(=N)c2cc3cc(C(=O)O)ccc3nc21,True,0.40778942019085457,0.82,3.182270000000001,5
Cn1c(=N)c2cc3c(=N)cc(N4CCNCC4)oc3cc2n(C)c1=N,True,0.47240627706510535,0.71,0.11101000000000011,5
CCn1c2ccc(C(=O)O)cc2c(=O)c2cc(N3CCN(C)CC3)cnc21,True,0.7147497107527544,0.85,2.0195999999999996,5
Cc1c(C(N)=O)sc2c1c1c(cc(C(=O)NCc3ccccc3)c(=N)n1CCN(C)C)c(=N)n2CCN(C)C,True,0.24120815945359797,0.75,2.0769600000000006,4
COC(=O)c1ccc2c(=N)n3c(NCCNC4CCCCC4)c4cc(Cl)ccc4nc3nc2c1,True,0.21679885009051003,0.79,4.289370000000003,5
Cn1c2ccc(C(=O)O)cc2c(=O)c2c(=O)n(-c3ccc(F)cc3)c(C3CCNCC3)nc21,True,0.4668206637325244,0.81,2.5419,5
CCn1c(=N)c2cc3c(=N)[nH]c(N4CCN(C)CC4)nc3cc2n(CC)c1=N,True,0.4964282724453719,0.73,0.5491100000000013,5
CS(=O)(=O)c1ccc2[nH]c(=N)c3cnc(N4CCNCC4)cc3c2c1,True,0.5942402529653782,0.79,1.0086700000000002,5
CCn1c2cc(C)c(C)cc2c(=O)c2cc3cc(C(N)=O)c(=N)n(CCN4CCCC4)c3nc21,True,0.44817940738516493,0.79,2.815310000000001,5
Cn1c(=N)c2cc3c(=N)[nH]c(N4CCN(CCN5CCN(c6ccccc6)CC5)CC4)nc3nc2n(C)c1=O,True,0.3117501499587896,0.75,0.05144000000000282,3
Cc1nc2cc3c(cc2c(=N)n1C)c(=N)n(CCN(C)C)c(=N)n3CC(F)(F)F,True,0.5650752483679051,0.72,1.2002299999999995,5
CN(C)CCN(c1nc2nc3c(cc2c(=N)n1-c1ccccc1)c(=N)n(C)c(=O)n3C)C1CCCCC1,True,0.3938551160254398,0.74,2.2705399999999987,4
N=c1[nH]c(=N)n(CCN)c2cc3[nH]c(=O)c(F)cc3cc12,True,0.4209443215881384,0.72,-0.13235999999999953,5
N#Cc1ccc(N=c2ccc3c(N4CCNCC4)ncnc3[nH]2)nc1,True,0.7210542905119631,0.75,0.8665799999999995,5
CN(C)CCCn1c(=N)ccc2c(=N)c3oc(=O)c(C(=O)O)cc3oc21,True,0.5808815871992745,0.73,0.94954,5
COC(=O)c1ccc2c3ccnc(N4CCN(C)CC4)c3c(=N)n(C3CC3)c2c1,True,0.5486271174944445,0.81,2.5422700000000003,5
CN(C)CCn1cnc2cc3c(cc21)c(=N)c1cc(-n2cccc2)ccc1n3C,True,0.4822256284888549,0.77,3.512970000000001,5
N=c1ccn2c(N3CCNCC3)nc3cc4ccncc4cc3c2c1,True,0.41323311724418427,0.77,1.9247699999999996,5
CCn1c(=N)c(=Cc2ccc[nH]c2=O)c(=O)n(CCCN(C)C)c1=C(C#N)C#N,True,0.6367057063335129,0.7,-1.184169999999998,5
N=c1oc2cc(CCN)ncc2c2ccc(C(N)=O)cc12,True,0.6220431611093706,0.8,1.0605699999999998,5
Cn1cnc2cc3ncn(CC4CC5CCN4CC5)c(=N)c3cc2c1=O,True,0.7055598119580928,0.64,1.2469699999999997,5
CCn1c2ccc(C(=O)O)cc2c(=O)c2c(=N)n(CCN(C)C)cnc21,True,0.6673415349960896,0.81,1.1103699999999999,5
CCOC(=O)c1ccc2nc3c(cnn3CCN)c(=N)n2c1,True,0.6730368411757409,0.8,0.29887000000000014,5
CC(=O)c1ccc2c(=N)c3c(N4CCNCC4)nccc3oc2c1,True,0.5574197096331257,0.8,2.0726699999999996,5
CN1CCN(c2nc(N3CCC(F)(F)C3)nc3c2cc(-c2ccncc2)c(=N)n3C2CC2)CC1,True,0.6373263899828326,0.76,2.9048700000000016,5
COC(=O)c1ccc2nc3c(cc2c1)c(=N)n(Cc1ccccc1)c(=O)n3CCN(C)C,True,0.3733044647056287,0.82,2.22717,5
CCOC(=O)c1ccc2c(c1)c(=O)c1c(=N)n(CCN(CC)CC)cnc1n2CC,True,0.45371705479504,0.81,2.36907,5
CN(C)CCCn1c(=N)c2cc(S(=O)(=O)N(C)C)ccc2n(Cc2ccc(Cl)cc2)c1=N,True,0.5215379940146959,0.81,2.305440000000001,5
CCN(CC)CCn1c(N2CCNCC2)nc2c(c(=O)c3cc(S(N)(=O)=O)ccc3n2C)c1=N,True,0.38988867380244563,0.77,-0.23352999999999596,5
Cn1c2ccc(S(=O)(=O)N3CCCCC3)cc2c(=N)c2c(N)nc(N3CCNCC3)nc21,True,0.4957667265884243,0.79,0.7673700000000007,5
CN(C)CCn1c(=N)n(C)c(=N)c2cc3c(=N)n(-c4ccccc4)c(=N)n(CCN4CCOCC4)c3nc21,True,0.2545278528402715,0.72,-0.06811999999999552,3
N#Cc1cc2cc3c(=N)n4c(nc3nc2oc1=N)CCC4CN1CCCC1,True,0.6719965269953951,0.67,1.5912199999999999,5
N=c1[nH]c2c3ccncc3ccc2c2c(=N)n(CCN3CCCCC3)ncc12,True,0.48138685104598544,0.76,2.5106400000000004,5
CC(=O)c1ccc2c(c1)ncc1c(=N)n(CCN(C)C)cnc12,True,0.5891460326702352,0.82,1.8281699999999999,5
CCC(C)n1cnc2cc3c(=N)n(CCN4CCOCC4)c(=N)n(CCN4CCOCC4)c3nc2c1=N,True,0.37200135521451777,0.67,0.26131000000000554,3
N=c1ccc2cc3ccc4c(c3cc2o1)CCCN4CCN1CCCC1,True,0.7305881457628887,0.8,3.913870000000003,5
CC(=O)c1ccc2oc3nc(NCCN4CCCC4)ncc3c(=N)c2c1,True,0.5417812338342267,0.8,2.5657700000000006,5
CN(C)CCNc1ncnc2oc3cc(C(=O)O)ccc3c(=N)c12,True,0.6085382057050819,0.79,1.52717,5
NC(=O)c1cc2cc3c(N4CCNCC4)ncnc3nc2nc1N,True,0.5448331980156202,0.79,-0.33629999999999977,5
CN(C)CCCn1c2ccc(Cl)cc2c(=N)c2cc3c(=N)n(C)c(=O)n(C)c3nc21,True,0.48893915387017833,0.76,1.9439399999999996,5
CN(C)CCSc1nc2c(c(=O)c3cc(C(=O)O)ccc3n2C)c(=N)n1-c1ccc(Cl)cc1,True,0.24740470163849587,0.8,3.3621700000000017,5
CN(C)CCNc1ncn(CCN(C)C)c2nc3ccc(C(=O)Nc4ccc(C(F)(F)F)cc4)cc3c(=N)c1-2,True,0.27919047008089126,0.77,3.8217700000000026,4
CN(C)CCn1c2c(c(=N)c3cc4cc(C(=O)O)ccc4nc31)CCCC2,True,0.6976193952641934,0.8,2.807570000000001,5
N=c1c2cc(C(=O)O)ccc2n(CCN)c2ncnc(N3CCNCC3)c12,True,0.4817376191670269,0.79,0.13047000000000059,5
Cn1c(=O)oc2cc3c(=N)c4c(N5CCNCC5)ncnc4n(CCN4CCCCC4)c3nc21,True,0.426504135767303,0.74,0.7993700000000001,4
Cn1c(=O)c2ccccc2n2c(=O)c3c(=N)n(CCN4CCCC4)c(=N)n(CCCN4CCCCC4)c3nc12,True,0.27462128523864643,0.76,1.2333400000000008,3
CN(C)CCn1c(N2CCCCC2)nc2c(c1=N)c(=N)n(Cc1ccccc1)c(=O)n2CC(F)(F)F,True,0.515080525656074,0.77,2.12094,4
CN(C)CCCn1c(=N)c(-c2ccn(C)c(=O)c2)cc2c(=N)n3ccccc3nc21,True,0.4952766958642624,0.76,1.5653399999999997,5
N=c1c2cc(C(=O)NCC(F)(F)F)ccc2n(CCN2CCOCC2)c2ncccc12,True,0.6052224439047358,0.8,2.2932699999999997,5
COC(=O)c1ccc2c(c1)c(=N)c1cc3ncccc3cc1n2CCN,True,0.44024927350401366,0.81,2.5674699999999993,5
Cn1c(=N)c2cc3c(=N)[nH]c(N4CCOCC4)nc3nc2n(CCN2CCOCC2)c1=N,True,0.3770225630466094,0.72,-1.1416899999999957,4
